"","NUTS2","NUTS2 Name","Jahr","Bevölkerung","GISD_Score","GISD_5","GISD_10","GISD_k"
"1","DE11","Stuttgart",1998,4069533,0,1,1,1
"2","DE11","Stuttgart",1999,4069533,0,1,1,1
"3","DE11","Stuttgart",2000,4069533,0,1,1,1
"4","DE11","Stuttgart",2001,4069533,0,1,1,1
"5","DE11","Stuttgart",2002,4069533,0,1,1,1
"6","DE11","Stuttgart",2003,4069533,0,1,1,1
"7","DE11","Stuttgart",2004,4069533,0,1,1,1
"8","DE11","Stuttgart",2005,4069533,0,1,1,1
"9","DE11","Stuttgart",2006,4069533,0,1,1,1
"10","DE11","Stuttgart",2007,4069533,0.006699,1,1,1
"11","DE11","Stuttgart",2008,4069533,0.004707,1,1,1
"12","DE11","Stuttgart",2009,4069533,0.074602,1,2,1
"13","DE11","Stuttgart",2010,4069533,0.068706,1,2,1
"14","DE11","Stuttgart",2011,4069533,0.037771,1,1,1
"15","DE11","Stuttgart",2012,4069533,0.054601,1,2,1
"16","DE11","Stuttgart",2013,4069533,0.065148,1,1,1
"17","DE11","Stuttgart",2014,4069533,0.075354,1,2,1
"18","DE11","Stuttgart",2015,4069533,0.076618,1,2,1
"19","DE12","Karlsruhe",1998,2761977,0.137099,1,2,1
"20","DE12","Karlsruhe",1999,2761977,0.139224,2,3,2
"21","DE12","Karlsruhe",2000,2761977,0.121003,2,3,2
"22","DE12","Karlsruhe",2001,2761977,0.138222,2,3,2
"23","DE12","Karlsruhe",2002,2761977,0.132223,2,3,2
"24","DE12","Karlsruhe",2003,2761977,0.131047,2,3,2
"25","DE12","Karlsruhe",2004,2761977,0.12916,2,3,2
"26","DE12","Karlsruhe",2005,2761977,0.126218,2,3,2
"27","DE12","Karlsruhe",2006,2761977,0.146501,2,3,2
"28","DE12","Karlsruhe",2007,2761977,0.142886,2,3,2
"29","DE12","Karlsruhe",2008,2761977,0.14052,2,3,2
"30","DE12","Karlsruhe",2009,2761977,0.207008,2,4,2
"31","DE12","Karlsruhe",2010,2761977,0.204834,2,4,2
"32","DE12","Karlsruhe",2011,2761977,0.156462,2,3,2
"33","DE12","Karlsruhe",2012,2761977,0.18086,2,3,2
"34","DE12","Karlsruhe",2013,2761977,0.199251,2,3,2
"35","DE12","Karlsruhe",2014,2761977,0.202762,2,3,2
"36","DE12","Karlsruhe",2015,2761977,0.222611,2,4,2
"37","DE13","Freiburg",1998,2224535,0.141275,2,3,2
"38","DE13","Freiburg",1999,2224535,0.127534,1,2,1
"39","DE13","Freiburg",2000,2224535,0.118159,2,3,2
"40","DE13","Freiburg",2001,2224535,0.122803,2,3,2
"41","DE13","Freiburg",2002,2224535,0.117119,2,3,2
"42","DE13","Freiburg",2003,2224535,0.109634,1,2,1
"43","DE13","Freiburg",2004,2224535,0.104397,1,2,1
"44","DE13","Freiburg",2005,2224535,0.090741,1,2,1
"45","DE13","Freiburg",2006,2224535,0.098474,2,3,2
"46","DE13","Freiburg",2007,2224535,0.094119,2,3,2
"47","DE13","Freiburg",2008,2224535,0.096417,2,3,2
"48","DE13","Freiburg",2009,2224535,0.148812,2,3,2
"49","DE13","Freiburg",2010,2224535,0.138073,2,3,2
"50","DE13","Freiburg",2011,2224535,0.086988,2,3,2
"51","DE13","Freiburg",2012,2224535,0.094621,2,3,2
"52","DE13","Freiburg",2013,2224535,0.106108,2,3,2
"53","DE13","Freiburg",2014,2224535,0.111834,2,3,2
"54","DE13","Freiburg",2015,2224535,0.117732,2,3,2
"55","DE14","Tübingen",1998,1823573,0.082717,1,2,1
"56","DE14","Tübingen",1999,1823573,0.090171,1,2,1
"57","DE14","Tübingen",2000,1823573,0.087785,1,2,1
"58","DE14","Tübingen",2001,1823573,0.105888,1,2,1
"59","DE14","Tübingen",2002,1823573,0.098229,1,2,1
"60","DE14","Tübingen",2003,1823573,0.091966,1,2,1
"61","DE14","Tübingen",2004,1823573,0.09093,1,2,1
"62","DE14","Tübingen",2005,1823573,0.079944,1,2,1
"63","DE14","Tübingen",2006,1823573,0.070662,1,2,1
"64","DE14","Tübingen",2007,1823573,0.061855,1,2,1
"65","DE14","Tübingen",2008,1823573,0.064148,1,2,1
"66","DE14","Tübingen",2009,1823573,0.124235,2,3,2
"67","DE14","Tübingen",2010,1823573,0.117278,2,3,2
"68","DE14","Tübingen",2011,1823573,0.063416,1,2,1
"69","DE14","Tübingen",2012,1823573,0.073499,1,2,1
"70","DE14","Tübingen",2013,1823573,0.067049,1,2,1
"71","DE14","Tübingen",2014,1823573,0.08513,1,2,1
"72","DE14","Tübingen",2015,1823573,0.063972,1,2,1
"73","DE21","Oberbayern",1998,4588944,0.018984,1,1,1
"74","DE21","Oberbayern",1999,4588944,0.032512,1,1,1
"75","DE21","Oberbayern",2000,4588944,0.03221,1,1,1
"76","DE21","Oberbayern",2001,4588944,0.018772,1,1,1
"77","DE21","Oberbayern",2002,4588944,0.039456,1,1,1
"78","DE21","Oberbayern",2003,4588944,0.050396,1,1,1
"79","DE21","Oberbayern",2004,4588944,0.053963,1,1,1
"80","DE21","Oberbayern",2005,4588944,0.053112,1,1,1
"81","DE21","Oberbayern",2006,4588944,0.070224,1,2,1
"82","DE21","Oberbayern",2007,4588944,0.056944,1,2,1
"83","DE21","Oberbayern",2008,4588944,0.031068,1,1,1
"84","DE21","Oberbayern",2009,4588944,0.059744,1,1,1
"85","DE21","Oberbayern",2010,4588944,0.083763,1,2,1
"86","DE21","Oberbayern",2011,4588944,0.085493,1,2,1
"87","DE21","Oberbayern",2012,4588944,0.057911,1,2,1
"88","DE21","Oberbayern",2013,4588944,0.087542,1,2,1
"89","DE21","Oberbayern",2014,4588944,0.085538,1,2,1
"90","DE21","Oberbayern",2015,4588944,0.097431,2,3,2
"91","DE22","Niederbayern",1998,1212119,0.123161,1,2,1
"92","DE22","Niederbayern",1999,1212119,0.111418,1,2,1
"93","DE22","Niederbayern",2000,1212119,0.099421,1,2,1
"94","DE22","Niederbayern",2001,1212119,0.108252,1,2,1
"95","DE22","Niederbayern",2002,1212119,0.0865,1,2,1
"96","DE22","Niederbayern",2003,1212119,0.077174,1,2,1
"97","DE22","Niederbayern",2004,1212119,0.053897,1,1,1
"98","DE22","Niederbayern",2005,1212119,0.047882,1,1,1
"99","DE22","Niederbayern",2006,1212119,0.04267,1,1,1
"100","DE22","Niederbayern",2007,1212119,0.019243,1,1,1
"101","DE22","Niederbayern",2008,1212119,0.02605,1,1,1
"102","DE22","Niederbayern",2009,1212119,0.036522,1,1,1
"103","DE22","Niederbayern",2010,1212119,0.025299,1,1,1
"104","DE22","Niederbayern",2011,1212119,0.010468,1,1,1
"105","DE22","Niederbayern",2012,1212119,0.006804,1,1,1
"106","DE22","Niederbayern",2013,1212119,0.005364,1,1,1
"107","DE22","Niederbayern",2014,1212119,0,1,1,1
"108","DE22","Niederbayern",2015,1212119,0,1,1,1
"109","DE23","Oberpfalz",1998,1092339,0.143268,2,3,2
"110","DE23","Oberpfalz",1999,1092339,0.134837,2,3,2
"111","DE23","Oberpfalz",2000,1092339,0.141191,2,4,2
"112","DE23","Oberpfalz",2001,1092339,0.124522,2,3,2
"113","DE23","Oberpfalz",2002,1092339,0.123966,2,3,2
"114","DE23","Oberpfalz",2003,1092339,0.114789,2,3,2
"115","DE23","Oberpfalz",2004,1092339,0.106242,2,3,2
"116","DE23","Oberpfalz",2005,1092339,0.090745,2,3,2
"117","DE23","Oberpfalz",2006,1092339,0.074992,1,2,1
"118","DE23","Oberpfalz",2007,1092339,0.052906,1,2,1
"119","DE23","Oberpfalz",2008,1092339,0.065124,1,2,1
"120","DE23","Oberpfalz",2009,1092339,0.076564,1,2,1
"121","DE23","Oberpfalz",2010,1092339,0.066107,1,1,1
"122","DE23","Oberpfalz",2011,1092339,0.04694,1,1,1
"123","DE23","Oberpfalz",2012,1092339,0.049423,1,2,1
"124","DE23","Oberpfalz",2013,1092339,0.060656,1,1,1
"125","DE23","Oberpfalz",2014,1092339,0.057199,1,1,1
"126","DE23","Oberpfalz",2015,1092339,0.03704,1,1,1
"127","DE24","Oberfranken",1998,1059358,0.162002,2,3,2
"128","DE24","Oberfranken",1999,1059358,0.151763,2,4,2
"129","DE24","Oberfranken",2000,1059358,0.135272,2,3,2
"130","DE24","Oberfranken",2001,1059358,0.145506,2,4,2
"131","DE24","Oberfranken",2002,1059358,0.142394,2,4,2
"132","DE24","Oberfranken",2003,1059358,0.157187,2,4,2
"133","DE24","Oberfranken",2004,1059358,0.145378,2,3,2
"134","DE24","Oberfranken",2005,1059358,0.13295,2,3,2
"135","DE24","Oberfranken",2006,1059358,0.128452,2,3,2
"136","DE24","Oberfranken",2007,1059358,0.09441,2,3,2
"137","DE24","Oberfranken",2008,1059358,0.109137,2,3,2
"138","DE24","Oberfranken",2009,1059358,0.115909,1,2,1
"139","DE24","Oberfranken",2010,1059358,0.107749,1,2,1
"140","DE24","Oberfranken",2011,1059358,0.091353,2,3,2
"141","DE24","Oberfranken",2012,1059358,0.078523,2,3,2
"142","DE24","Oberfranken",2013,1059358,0.092198,2,3,2
"143","DE24","Oberfranken",2014,1059358,0.093948,2,3,2
"144","DE24","Oberfranken",2015,1059358,0.076371,1,2,1
"145","DE25","Mittelfranken",1998,1738686,0.064803,1,1,1
"146","DE25","Mittelfranken",1999,1738686,0.065878,1,1,1
"147","DE25","Mittelfranken",2000,1738686,0.031131,1,1,1
"148","DE25","Mittelfranken",2001,1738686,0.032065,1,1,1
"149","DE25","Mittelfranken",2002,1738686,0.044572,1,1,1
"150","DE25","Mittelfranken",2003,1738686,0.050481,1,1,1
"151","DE25","Mittelfranken",2004,1738686,0.058761,1,2,1
"152","DE25","Mittelfranken",2005,1738686,0.066187,1,2,1
"153","DE25","Mittelfranken",2006,1738686,0.066557,1,1,1
"154","DE25","Mittelfranken",2007,1738686,0.039176,1,1,1
"155","DE25","Mittelfranken",2008,1738686,0.032777,1,2,1
"156","DE25","Mittelfranken",2009,1738686,0.053663,1,1,1
"157","DE25","Mittelfranken",2010,1738686,0.056064,1,1,1
"158","DE25","Mittelfranken",2011,1738686,0.056277,1,2,1
"159","DE25","Mittelfranken",2012,1738686,0.047541,1,1,1
"160","DE25","Mittelfranken",2013,1738686,0.082698,1,2,1
"161","DE25","Mittelfranken",2014,1738686,0.073272,1,2,1
"162","DE25","Mittelfranken",2015,1738686,0.075628,1,2,1
"163","DE26","Unterfranken",1998,1306048,0.120783,1,2,1
"164","DE26","Unterfranken",1999,1306048,0.131327,2,3,2
"165","DE26","Unterfranken",2000,1306048,0.113443,1,2,1
"166","DE26","Unterfranken",2001,1306048,0.114182,1,2,1
"167","DE26","Unterfranken",2002,1306048,0.10714,1,2,1
"168","DE26","Unterfranken",2003,1306048,0.096432,1,2,1
"169","DE26","Unterfranken",2004,1306048,0.103711,1,2,1
"170","DE26","Unterfranken",2005,1306048,0.086994,1,2,1
"171","DE26","Unterfranken",2006,1306048,0.084399,1,2,1
"172","DE26","Unterfranken",2007,1306048,0.064568,1,2,1
"173","DE26","Unterfranken",2008,1306048,0.072011,1,2,1
"174","DE26","Unterfranken",2009,1306048,0.090254,1,2,1
"175","DE26","Unterfranken",2010,1306048,0.084002,1,2,1
"176","DE26","Unterfranken",2011,1306048,0.065145,1,2,1
"177","DE26","Unterfranken",2012,1306048,0.044795,1,1,1
"178","DE26","Unterfranken",2013,1306048,0.074555,1,2,1
"179","DE26","Unterfranken",2014,1306048,0.066053,1,1,1
"180","DE26","Unterfranken",2015,1306048,0.053484,1,1,1
"181","DE27","Schwaben",1998,1846020,0.049741,1,1,1
"182","DE27","Schwaben",1999,1846020,0.058291,1,1,1
"183","DE27","Schwaben",2000,1846020,0.030195,1,1,1
"184","DE27","Schwaben",2001,1846020,0.043852,1,1,1
"185","DE27","Schwaben",2002,1846020,0.04294,1,1,1
"186","DE27","Schwaben",2003,1846020,0.047865,1,1,1
"187","DE27","Schwaben",2004,1846020,0.047339,1,1,1
"188","DE27","Schwaben",2005,1846020,0.028339,1,1,1
"189","DE27","Schwaben",2006,1846020,0.02685,1,1,1
"190","DE27","Schwaben",2007,1846020,0,1,1,1
"191","DE27","Schwaben",2008,1846020,0,1,1,1
"192","DE27","Schwaben",2009,1846020,0,1,1,1
"193","DE27","Schwaben",2010,1846020,0,1,1,1
"194","DE27","Schwaben",2011,1846020,0,1,1,1
"195","DE27","Schwaben",2012,1846020,0,1,1,1
"196","DE27","Schwaben",2013,1846020,0,1,1,1
"197","DE27","Schwaben",2014,1846020,0.011627,1,1,1
"198","DE27","Schwaben",2015,1846020,0.00574,1,1,1
"199","DE30","Berlin",1998,3520031,0.708498,5,9,3
"200","DE30","Berlin",1999,3520031,0.7389,5,9,3
"201","DE30","Berlin",2000,3520031,0.69952,5,9,3
"202","DE30","Berlin",2001,3520031,0.784963,5,9,3
"203","DE30","Berlin",2002,3520031,0.79248,5,9,3
"204","DE30","Berlin",2003,3520031,0.821016,5,9,3
"205","DE30","Berlin",2004,3520031,0.885922,5,9,3
"206","DE30","Berlin",2005,3520031,0.882828,5,9,3
"207","DE30","Berlin",2006,3520031,0.925139,5,10,3
"208","DE30","Berlin",2007,3520031,0.942814,5,10,3
"209","DE30","Berlin",2008,3520031,0.938139,5,10,3
"210","DE30","Berlin",2009,3520031,1,5,10,3
"211","DE30","Berlin",2010,3520031,1,5,10,3
"212","DE30","Berlin",2011,3520031,1,5,10,3
"213","DE30","Berlin",2012,3520031,1,5,10,3
"214","DE30","Berlin",2013,3520031,1,5,10,3
"215","DE30","Berlin",2014,3520031,1,5,10,3
"216","DE30","Berlin",2015,3520031,1,5,10,3
"217","DE40","Brandenburg",1998,2484826,0.843602,5,9,3
"218","DE40","Brandenburg",1999,2484826,0.871654,5,10,3
"219","DE40","Brandenburg",2000,2484826,0.86064,5,9,3
"220","DE40","Brandenburg",2001,2484826,0.910845,5,9,3
"221","DE40","Brandenburg",2002,2484826,0.869887,5,9,3
"222","DE40","Brandenburg",2003,2484826,0.883329,5,9,3
"223","DE40","Brandenburg",2004,2484826,0.901821,5,9,3
"224","DE40","Brandenburg",2005,2484826,0.828442,5,9,3
"225","DE40","Brandenburg",2006,2484826,0.810006,5,9,3
"226","DE40","Brandenburg",2007,2484826,0.789213,5,9,3
"227","DE40","Brandenburg",2008,2484826,0.757628,5,9,3
"228","DE40","Brandenburg",2009,2484826,0.753546,5,9,3
"229","DE40","Brandenburg",2010,2484826,0.746217,5,9,3
"230","DE40","Brandenburg",2011,2484826,0.729156,5,9,3
"231","DE40","Brandenburg",2012,2484826,0.769595,5,9,3
"232","DE40","Brandenburg",2013,2484826,0.723403,5,9,3
"233","DE40","Brandenburg",2014,2484826,0.726751,5,9,3
"234","DE40","Brandenburg",2015,2484826,0.705146,4,8,2
"235","DE50","Bremen",1998,671489,0.570884,4,8,2
"236","DE50","Bremen",1999,671489,0.605493,4,8,2
"237","DE50","Bremen",2000,671489,0.574728,4,8,2
"238","DE50","Bremen",2001,671489,0.566354,4,8,2
"239","DE50","Bremen",2002,671489,0.579447,4,8,2
"240","DE50","Bremen",2003,671489,0.572331,4,8,2
"241","DE50","Bremen",2004,671489,0.561559,4,8,2
"242","DE50","Bremen",2005,671489,0.60453,4,8,2
"243","DE50","Bremen",2006,671489,0.632482,4,8,2
"244","DE50","Bremen",2007,671489,0.625134,4,8,2
"245","DE50","Bremen",2008,671489,0.587604,4,8,2
"246","DE50","Bremen",2009,671489,0.692112,4,8,2
"247","DE50","Bremen",2010,671489,0.735488,4,8,2
"248","DE50","Bremen",2011,671489,0.709253,4,8,2
"249","DE50","Bremen",2012,671489,0.740686,4,8,2
"250","DE50","Bremen",2013,671489,0.715562,4,8,2
"251","DE50","Bremen",2014,671489,0.726271,4,8,2
"252","DE50","Bremen",2015,671489,0.749429,5,9,3
"253","DE60","Hamburg",1998,1787408,0.20043,2,4,2
"254","DE60","Hamburg",1999,1787408,0.179558,2,4,2
"255","DE60","Hamburg",2000,1787408,0.162595,2,4,2
"256","DE60","Hamburg",2001,1787408,0.188187,2,4,2
"257","DE60","Hamburg",2002,1787408,0.212699,2,4,2
"258","DE60","Hamburg",2003,1787408,0.220544,2,4,2
"259","DE60","Hamburg",2004,1787408,0.208063,2,4,2
"260","DE60","Hamburg",2005,1787408,0.251651,3,5,2
"261","DE60","Hamburg",2006,1787408,0.245765,3,5,2
"262","DE60","Hamburg",2007,1787408,0.282088,3,5,2
"263","DE60","Hamburg",2008,1787408,0.299042,3,5,2
"264","DE60","Hamburg",2009,1787408,0.298537,3,5,2
"265","DE60","Hamburg",2010,1787408,0.367957,3,6,2
"266","DE60","Hamburg",2011,1787408,0.296605,3,5,2
"267","DE60","Hamburg",2012,1787408,0.311743,3,5,2
"268","DE60","Hamburg",2013,1787408,0.33099,3,5,2
"269","DE60","Hamburg",2014,1787408,0.36519,3,6,2
"270","DE60","Hamburg",2015,1787408,0.375097,3,6,2
"271","DE71","Darmstadt",1998,3922369,0.164343,2,4,2
"272","DE71","Darmstadt",1999,3922369,0.128861,1,2,1
"273","DE71","Darmstadt",2000,3922369,0.102165,1,2,1
"274","DE71","Darmstadt",2001,3922369,0.10922,1,2,1
"275","DE71","Darmstadt",2002,3922369,0.115477,1,2,1
"276","DE71","Darmstadt",2003,3922369,0.119136,2,3,2
"277","DE71","Darmstadt",2004,3922369,0.148915,2,4,2
"278","DE71","Darmstadt",2005,3922369,0.160527,2,4,2
"279","DE71","Darmstadt",2006,3922369,0.185386,2,4,2
"280","DE71","Darmstadt",2007,3922369,0.181884,2,4,2
"281","DE71","Darmstadt",2008,3922369,0.179868,2,4,2
"282","DE71","Darmstadt",2009,3922369,0.202609,2,4,2
"283","DE71","Darmstadt",2010,3922369,0.252499,2,4,2
"284","DE71","Darmstadt",2011,3922369,0.263664,2,4,2
"285","DE71","Darmstadt",2012,3922369,0.296002,2,4,2
"286","DE71","Darmstadt",2013,3922369,0.3199,3,5,2
"287","DE71","Darmstadt",2014,3922369,0.314371,3,5,2
"288","DE71","Darmstadt",2015,3922369,0.32361,3,5,2
"289","DE72","Gießen",1998,1040091,0.243194,2,4,2
"290","DE72","Gießen",1999,1040091,0.223423,2,4,2
"291","DE72","Gießen",2000,1040091,0.187013,2,4,2
"292","DE72","Gießen",2001,1040091,0.187374,2,4,2
"293","DE72","Gießen",2002,1040091,0.194101,2,4,2
"294","DE72","Gießen",2003,1040091,0.176637,2,4,2
"295","DE72","Gießen",2004,1040091,0.201097,2,4,2
"296","DE72","Gießen",2005,1040091,0.212907,2,4,2
"297","DE72","Gießen",2006,1040091,0.215469,2,4,2
"298","DE72","Gießen",2007,1040091,0.202824,2,4,2
"299","DE72","Gießen",2008,1040091,0.231543,2,4,2
"300","DE72","Gießen",2009,1040091,0.260704,3,5,2
"301","DE72","Gießen",2010,1040091,0.277965,2,4,2
"302","DE72","Gießen",2011,1040091,0.269412,2,4,2
"303","DE72","Gießen",2012,1040091,0.307133,3,5,2
"304","DE72","Gießen",2013,1040091,0.317545,2,4,2
"305","DE72","Gießen",2014,1040091,0.300958,2,4,2
"306","DE72","Gießen",2015,1040091,0.301434,3,5,2
"307","DE73","Kassel",1998,1213712,0.342775,3,5,2
"308","DE73","Kassel",1999,1213712,0.323885,3,5,2
"309","DE73","Kassel",2000,1213712,0.268066,3,5,2
"310","DE73","Kassel",2001,1213712,0.292778,3,5,2
"311","DE73","Kassel",2002,1213712,0.285369,3,5,2
"312","DE73","Kassel",2003,1213712,0.256438,3,5,2
"313","DE73","Kassel",2004,1213712,0.25145,3,5,2
"314","DE73","Kassel",2005,1213712,0.267969,3,5,2
"315","DE73","Kassel",2006,1213712,0.257861,3,5,2
"316","DE73","Kassel",2007,1213712,0.235492,3,5,2
"317","DE73","Kassel",2008,1213712,0.30147,3,5,2
"318","DE73","Kassel",2009,1213712,0.313251,3,5,2
"319","DE73","Kassel",2010,1213712,0.295155,3,5,2
"320","DE73","Kassel",2011,1213712,0.292043,3,5,2
"321","DE73","Kassel",2012,1213712,0.306746,3,5,2
"322","DE73","Kassel",2013,1213712,0.31918,3,5,2
"323","DE73","Kassel",2014,1213712,0.306965,3,5,2
"324","DE73","Kassel",2015,1213712,0.305492,3,5,2
"325","DE80","Mecklenburg-Vorpommern",1998,1612362,0.961871,5,10,3
"326","DE80","Mecklenburg-Vorpommern",1999,1612362,0.952763,5,10,3
"327","DE80","Mecklenburg-Vorpommern",2000,1612362,0.942146,5,10,3
"328","DE80","Mecklenburg-Vorpommern",2001,1612362,0.951434,5,10,3
"329","DE80","Mecklenburg-Vorpommern",2002,1612362,0.957248,5,10,3
"330","DE80","Mecklenburg-Vorpommern",2003,1612362,0.972379,5,10,3
"331","DE80","Mecklenburg-Vorpommern",2004,1612362,1,5,10,3
"332","DE80","Mecklenburg-Vorpommern",2005,1612362,0.935104,5,10,3
"333","DE80","Mecklenburg-Vorpommern",2006,1612362,0.920808,5,10,3
"334","DE80","Mecklenburg-Vorpommern",2007,1612362,0.91403,5,10,3
"335","DE80","Mecklenburg-Vorpommern",2008,1612362,0.892468,5,10,3
"336","DE80","Mecklenburg-Vorpommern",2009,1612362,0.845913,5,9,3
"337","DE80","Mecklenburg-Vorpommern",2010,1612362,0.823467,5,9,3
"338","DE80","Mecklenburg-Vorpommern",2011,1612362,0.817223,5,9,3
"339","DE80","Mecklenburg-Vorpommern",2012,1612362,0.86061,5,9,3
"340","DE80","Mecklenburg-Vorpommern",2013,1612362,0.861679,5,9,3
"341","DE80","Mecklenburg-Vorpommern",2014,1612362,0.888327,5,10,3
"342","DE80","Mecklenburg-Vorpommern",2015,1612362,0.865066,5,10,3
"343","DE91","Braunschweig",1998,1598164,0.460713,4,8,2
"344","DE91","Braunschweig",1999,1598164,0.471667,4,8,2
"345","DE91","Braunschweig",2000,1598164,0.443054,4,8,2
"346","DE91","Braunschweig",2001,1598164,0.479567,4,8,2
"347","DE91","Braunschweig",2002,1598164,0.459066,4,8,2
"348","DE91","Braunschweig",2003,1598164,0.417885,4,8,2
"349","DE91","Braunschweig",2004,1598164,0.477238,4,8,2
"350","DE91","Braunschweig",2005,1598164,0.458549,4,8,2
"351","DE91","Braunschweig",2006,1598164,0.476728,4,8,2
"352","DE91","Braunschweig",2007,1598164,0.506602,4,8,2
"353","DE91","Braunschweig",2008,1598164,0.483571,4,8,2
"354","DE91","Braunschweig",2009,1598164,0.508694,4,8,2
"355","DE91","Braunschweig",2010,1598164,0.520114,4,8,2
"356","DE91","Braunschweig",2011,1598164,0.495232,4,8,2
"357","DE91","Braunschweig",2012,1598164,0.48006,4,8,2
"358","DE91","Braunschweig",2013,1598164,0.46989,4,8,2
"359","DE91","Braunschweig",2014,1598164,0.469728,4,8,2
"360","DE91","Braunschweig",2015,1598164,0.467636,4,7,2
"361","DE92","Hannover",1998,2132290,0.401801,4,7,2
"362","DE92","Hannover",1999,2132290,0.406921,4,7,2
"363","DE92","Hannover",2000,2132290,0.366424,4,7,2
"364","DE92","Hannover",2001,2132290,0.387433,4,7,2
"365","DE92","Hannover",2002,2132290,0.385061,4,7,2
"366","DE92","Hannover",2003,2132290,0.365887,4,7,2
"367","DE92","Hannover",2004,2132290,0.400203,4,7,2
"368","DE92","Hannover",2005,2132290,0.416736,4,7,2
"369","DE92","Hannover",2006,2132290,0.425489,4,8,2
"370","DE92","Hannover",2007,2132290,0.433551,4,8,2
"371","DE92","Hannover",2008,2132290,0.425511,4,8,2
"372","DE92","Hannover",2009,2132290,0.451805,4,8,2
"373","DE92","Hannover",2010,2132290,0.483475,4,8,2
"374","DE92","Hannover",2011,2132290,0.469391,4,8,2
"375","DE92","Hannover",2012,2132290,0.464647,4,8,2
"376","DE92","Hannover",2013,2132290,0.466884,4,7,2
"377","DE92","Hannover",2014,2132290,0.479088,4,8,2
"378","DE92","Hannover",2015,2132290,0.482403,4,8,2
"379","DE93","Lüneburg",1998,1699969,0.368273,3,6,2
"380","DE93","Lüneburg",1999,1699969,0.375999,3,6,2
"381","DE93","Lüneburg",2000,1699969,0.335562,3,6,2
"382","DE93","Lüneburg",2001,1699969,0.379457,3,6,2
"383","DE93","Lüneburg",2002,1699969,0.364587,4,7,2
"384","DE93","Lüneburg",2003,1699969,0.349818,3,6,2
"385","DE93","Lüneburg",2004,1699969,0.37253,4,7,2
"386","DE93","Lüneburg",2005,1699969,0.344216,3,6,2
"387","DE93","Lüneburg",2006,1699969,0.35693,3,6,2
"388","DE93","Lüneburg",2007,1699969,0.353324,3,6,2
"389","DE93","Lüneburg",2008,1699969,0.354892,3,6,2
"390","DE93","Lüneburg",2009,1699969,0.355641,3,6,2
"391","DE93","Lüneburg",2010,1699969,0.367023,3,6,2
"392","DE93","Lüneburg",2011,1699969,0.357834,3,6,2
"393","DE93","Lüneburg",2012,1699969,0.340461,3,6,2
"394","DE93","Lüneburg",2013,1699969,0.341386,3,6,2
"395","DE93","Lüneburg",2014,1699969,0.342341,3,5,2
"396","DE93","Lüneburg",2015,1699969,0.336738,3,5,2
"397","DE94","Weser-Ems",1998,2496176,0.451576,4,8,2
"398","DE94","Weser-Ems",1999,2496176,0.460538,4,8,2
"399","DE94","Weser-Ems",2000,2496176,0.432792,4,8,2
"400","DE94","Weser-Ems",2001,2496176,0.466532,4,8,2
"401","DE94","Weser-Ems",2002,2496176,0.445382,4,8,2
"402","DE94","Weser-Ems",2003,2496176,0.41602,4,8,2
"403","DE94","Weser-Ems",2004,2496176,0.447947,4,8,2
"404","DE94","Weser-Ems",2005,2496176,0.422898,4,8,2
"405","DE94","Weser-Ems",2006,2496176,0.410893,4,7,2
"406","DE94","Weser-Ems",2007,2496176,0.423552,4,7,2
"407","DE94","Weser-Ems",2008,2496176,0.419044,4,7,2
"408","DE94","Weser-Ems",2009,2496176,0.430123,4,7,2
"409","DE94","Weser-Ems",2010,2496176,0.448254,4,7,2
"410","DE94","Weser-Ems",2011,2496176,0.438649,4,7,2
"411","DE94","Weser-Ems",2012,2496176,0.401471,3,6,2
"412","DE94","Weser-Ems",2013,2496176,0.413926,3,6,2
"413","DE94","Weser-Ems",2014,2496176,0.417185,4,7,2
"414","DE94","Weser-Ems",2015,2496176,0.40071,3,6,2
"415","DEA1","Düsseldorf",1998,5173623,0.369898,3,6,2
"416","DEA1","Düsseldorf",1999,5173623,0.379153,3,6,2
"417","DEA1","Düsseldorf",2000,5173623,0.34353,3,6,2
"418","DEA1","Düsseldorf",2001,5173623,0.341188,3,5,2
"419","DEA1","Düsseldorf",2002,5173623,0.320619,3,5,2
"420","DEA1","Düsseldorf",2003,5173623,0.320533,3,6,2
"421","DEA1","Düsseldorf",2004,5173623,0.306114,3,6,2
"422","DEA1","Düsseldorf",2005,5173623,0.323497,3,6,2
"423","DEA1","Düsseldorf",2006,5173623,0.376283,4,7,2
"424","DEA1","Düsseldorf",2007,5173623,0.38101,4,7,2
"425","DEA1","Düsseldorf",2008,5173623,0.37861,4,7,2
"426","DEA1","Düsseldorf",2009,5173623,0.394393,4,7,2
"427","DEA1","Düsseldorf",2010,5173623,0.420724,4,7,2
"428","DEA1","Düsseldorf",2011,5173623,0.406821,4,7,2
"429","DEA1","Düsseldorf",2012,5173623,0.434802,4,7,2
"430","DEA1","Düsseldorf",2013,5173623,0.455929,4,7,2
"431","DEA1","Düsseldorf",2014,5173623,0.435788,4,7,2
"432","DEA1","Düsseldorf",2015,5173623,0.470075,4,7,2
"433","DEA2","Köln",1998,4422371,0.363614,3,6,2
"434","DEA2","Köln",1999,4422371,0.377878,3,6,2
"435","DEA2","Köln",2000,4422371,0.334542,3,5,2
"436","DEA2","Köln",2001,4422371,0.352192,3,6,2
"437","DEA2","Köln",2002,4422371,0.333657,3,6,2
"438","DEA2","Köln",2003,4422371,0.336192,3,6,2
"439","DEA2","Köln",2004,4422371,0.342227,3,6,2
"440","DEA2","Köln",2005,4422371,0.360863,4,7,2
"441","DEA2","Köln",2006,4422371,0.399979,4,7,2
"442","DEA2","Köln",2007,4422371,0.405567,4,7,2
"443","DEA2","Köln",2008,4422371,0.408834,4,7,2
"444","DEA2","Köln",2009,4422371,0.429337,4,7,2
"445","DEA2","Köln",2010,4422371,0.450799,4,7,2
"446","DEA2","Köln",2011,4422371,0.434203,4,7,2
"447","DEA2","Köln",2012,4422371,0.450579,4,7,2
"448","DEA2","Köln",2013,4422371,0.487515,4,8,2
"449","DEA2","Köln",2014,4422371,0.469346,4,7,2
"450","DEA2","Köln",2015,4422371,0.494399,4,8,2
"451","DEA3","Münster",1998,2614229,0.434521,4,7,2
"452","DEA3","Münster",1999,2614229,0.427586,4,7,2
"453","DEA3","Münster",2000,2614229,0.395341,4,7,2
"454","DEA3","Münster",2001,2614229,0.410998,4,7,2
"455","DEA3","Münster",2002,2614229,0.388432,4,7,2
"456","DEA3","Münster",2003,2614229,0.380346,4,7,2
"457","DEA3","Münster",2004,2614229,0.353177,4,7,2
"458","DEA3","Münster",2005,2614229,0.351116,4,7,2
"459","DEA3","Münster",2006,2614229,0.367185,3,6,2
"460","DEA3","Münster",2007,2614229,0.372492,3,6,2
"461","DEA3","Münster",2008,2614229,0.367868,3,6,2
"462","DEA3","Münster",2009,2614229,0.383204,3,6,2
"463","DEA3","Münster",2010,2614229,0.39998,3,6,2
"464","DEA3","Münster",2011,2614229,0.390367,3,6,2
"465","DEA3","Münster",2012,2614229,0.411648,4,7,2
"466","DEA3","Münster",2013,2614229,0.429213,4,7,2
"467","DEA3","Münster",2014,2614229,0.401024,3,6,2
"468","DEA3","Münster",2015,2614229,0.407478,3,6,2
"469","DEA4","Detmold",1998,2057996,0.284003,3,5,2
"470","DEA4","Detmold",1999,2057996,0.287227,3,5,2
"471","DEA4","Detmold",2000,2057996,0.257825,3,5,2
"472","DEA4","Detmold",2001,2057996,0.264223,3,5,2
"473","DEA4","Detmold",2002,2057996,0.267999,3,5,2
"474","DEA4","Detmold",2003,2057996,0.266374,3,5,2
"475","DEA4","Detmold",2004,2057996,0.242705,3,5,2
"476","DEA4","Detmold",2005,2057996,0.25342,3,5,2
"477","DEA4","Detmold",2006,2057996,0.270122,3,5,2
"478","DEA4","Detmold",2007,2057996,0.25567,3,5,2
"479","DEA4","Detmold",2008,2057996,0.249084,3,5,2
"480","DEA4","Detmold",2009,2057996,0.269856,3,5,2
"481","DEA4","Detmold",2010,2057996,0.288119,3,5,2
"482","DEA4","Detmold",2011,2057996,0.270016,3,5,2
"483","DEA4","Detmold",2012,2057996,0.296378,2,4,2
"484","DEA4","Detmold",2013,2057996,0.309271,2,4,2
"485","DEA4","Detmold",2014,2057996,0.287563,2,4,2
"486","DEA4","Detmold",2015,2057996,0.288323,2,4,2
"487","DEA5","Arnsberg",1998,3597297,0.385713,4,7,2
"488","DEA5","Arnsberg",1999,3597297,0.388993,4,7,2
"489","DEA5","Arnsberg",2000,3597297,0.372863,4,7,2
"490","DEA5","Arnsberg",2001,3597297,0.380024,4,7,2
"491","DEA5","Arnsberg",2002,3597297,0.353543,3,6,2
"492","DEA5","Arnsberg",2003,3597297,0.34708,3,6,2
"493","DEA5","Arnsberg",2004,3597297,0.305887,3,6,2
"494","DEA5","Arnsberg",2005,3597297,0.325409,3,6,2
"495","DEA5","Arnsberg",2006,3597297,0.349013,3,6,2
"496","DEA5","Arnsberg",2007,3597297,0.343078,3,6,2
"497","DEA5","Arnsberg",2008,3597297,0.333121,3,6,2
"498","DEA5","Arnsberg",2009,3597297,0.363765,3,6,2
"499","DEA5","Arnsberg",2010,3597297,0.400968,3,6,2
"500","DEA5","Arnsberg",2011,3597297,0.375474,3,6,2
"501","DEA5","Arnsberg",2012,3597297,0.388325,3,6,2
"502","DEA5","Arnsberg",2013,3597297,0.422107,3,6,2
"503","DEA5","Arnsberg",2014,3597297,0.400726,3,6,2
"504","DEA5","Arnsberg",2015,3597297,0.41359,4,7,2
"505","DEB1","Koblenz",1998,1488308,0.256766,3,5,2
"506","DEB1","Koblenz",1999,1488308,0.257988,3,5,2
"507","DEB1","Koblenz",2000,1488308,0.242018,3,5,2
"508","DEB1","Koblenz",2001,1488308,0.277987,3,5,2
"509","DEB1","Koblenz",2002,1488308,0.264075,3,5,2
"510","DEB1","Koblenz",2003,1488308,0.236435,3,5,2
"511","DEB1","Koblenz",2004,1488308,0.242417,3,5,2
"512","DEB1","Koblenz",2005,1488308,0.230482,2,4,2
"513","DEB1","Koblenz",2006,1488308,0.224445,2,4,2
"514","DEB1","Koblenz",2007,1488308,0.214702,2,4,2
"515","DEB1","Koblenz",2008,1488308,0.212343,2,4,2
"516","DEB1","Koblenz",2009,1488308,0.182904,2,3,2
"517","DEB1","Koblenz",2010,1488308,0.200018,2,3,2
"518","DEB1","Koblenz",2011,1488308,0.213475,2,4,2
"519","DEB1","Koblenz",2012,1488308,0.233978,2,4,2
"520","DEB1","Koblenz",2013,1488308,0.224669,2,4,2
"521","DEB1","Koblenz",2014,1488308,0.230918,2,4,2
"522","DEB1","Koblenz",2015,1488308,0.212814,2,3,2
"523","DEB2","Trier",1998,532715,0.376627,4,7,2
"524","DEB2","Trier",1999,532715,0.382738,4,7,2
"525","DEB2","Trier",2000,532715,0.359616,3,6,2
"526","DEB2","Trier",2001,532715,0.367599,3,6,2
"527","DEB2","Trier",2002,532715,0.339142,3,6,2
"528","DEB2","Trier",2003,532715,0.305705,3,5,2
"529","DEB2","Trier",2004,532715,0.290181,3,5,2
"530","DEB2","Trier",2005,532715,0.262763,3,5,2
"531","DEB2","Trier",2006,532715,0.266276,3,5,2
"532","DEB2","Trier",2007,532715,0.261264,3,5,2
"533","DEB2","Trier",2008,532715,0.286259,3,5,2
"534","DEB2","Trier",2009,532715,0.260504,2,4,2
"535","DEB2","Trier",2010,532715,0.293131,3,5,2
"536","DEB2","Trier",2011,532715,0.310876,3,5,2
"537","DEB2","Trier",2012,532715,0.312493,3,5,2
"538","DEB2","Trier",2013,532715,0.320819,3,5,2
"539","DEB2","Trier",2014,532715,0.312595,3,5,2
"540","DEB2","Trier",2015,532715,0.297354,2,4,2
"541","DEB3","Rheinhessen-Pfalz",1998,2031780,0.2464,2,4,2
"542","DEB3","Rheinhessen-Pfalz",1999,2031780,0.250949,2,4,2
"543","DEB3","Rheinhessen-Pfalz",2000,2031780,0.239174,2,4,2
"544","DEB3","Rheinhessen-Pfalz",2001,2031780,0.257204,2,4,2
"545","DEB3","Rheinhessen-Pfalz",2002,2031780,0.248796,2,4,2
"546","DEB3","Rheinhessen-Pfalz",2003,2031780,0.220585,2,4,2
"547","DEB3","Rheinhessen-Pfalz",2004,2031780,0.2322,2,4,2
"548","DEB3","Rheinhessen-Pfalz",2005,2031780,0.239378,2,4,2
"549","DEB3","Rheinhessen-Pfalz",2006,2031780,0.234345,2,4,2
"550","DEB3","Rheinhessen-Pfalz",2007,2031780,0.232438,2,4,2
"551","DEB3","Rheinhessen-Pfalz",2008,2031780,0.228321,2,4,2
"552","DEB3","Rheinhessen-Pfalz",2009,2031780,0.227875,2,4,2
"553","DEB3","Rheinhessen-Pfalz",2010,2031780,0.255758,2,4,2
"554","DEB3","Rheinhessen-Pfalz",2011,2031780,0.246039,2,4,2
"555","DEB3","Rheinhessen-Pfalz",2012,2031780,0.261996,2,4,2
"556","DEB3","Rheinhessen-Pfalz",2013,2031780,0.265551,2,4,2
"557","DEB3","Rheinhessen-Pfalz",2014,2031780,0.269066,2,4,2
"558","DEB3","Rheinhessen-Pfalz",2015,2031780,0.264868,2,4,2
"559","DEC0","Saarland",1998,995597,0.374752,3,6,2
"560","DEC0","Saarland",1999,995597,0.377201,3,6,2
"561","DEC0","Saarland",2000,995597,0.383444,4,7,2
"562","DEC0","Saarland",2001,995597,0.395198,4,7,2
"563","DEC0","Saarland",2002,995597,0.386532,4,7,2
"564","DEC0","Saarland",2003,995597,0.366179,4,7,2
"565","DEC0","Saarland",2004,995597,0.339303,3,6,2
"566","DEC0","Saarland",2005,995597,0.337978,3,6,2
"567","DEC0","Saarland",2006,995597,0.380742,4,7,2
"568","DEC0","Saarland",2007,995597,0.387279,4,7,2
"569","DEC0","Saarland",2008,995597,0.411835,4,7,2
"570","DEC0","Saarland",2009,995597,0.432914,4,7,2
"571","DEC0","Saarland",2010,995597,0.411334,4,7,2
"572","DEC0","Saarland",2011,995597,0.400819,4,7,2
"573","DEC0","Saarland",2012,995597,0.410633,4,7,2
"574","DEC0","Saarland",2013,995597,0.43325,4,7,2
"575","DEC0","Saarland",2014,995597,0.435123,4,7,2
"576","DEC0","Saarland",2015,995597,0.462509,4,7,2
"577","DED1","Chemnitz",1998,1465612,0.864354,5,10,3
"578","DED1","Chemnitz",1999,1465612,0.828075,5,9,3
"579","DED1","Chemnitz",2000,1465612,0.858453,5,9,3
"580","DED1","Chemnitz",2001,1465612,0.923159,5,9,3
"581","DED1","Chemnitz",2002,1465612,0.906711,5,9,3
"582","DED1","Chemnitz",2003,1465612,0.891939,5,9,3
"583","DED1","Chemnitz",2004,1465612,0.881072,5,9,3
"584","DED1","Chemnitz",2005,1465612,0.856499,5,9,3
"585","DED1","Chemnitz",2006,1465612,0.857037,5,9,3
"586","DED1","Chemnitz",2007,1465612,0.834092,5,9,3
"587","DED1","Chemnitz",2008,1465612,0.813499,5,9,3
"588","DED1","Chemnitz",2009,1465612,0.850405,5,9,3
"589","DED1","Chemnitz",2010,1465612,0.806551,5,9,3
"590","DED1","Chemnitz",2011,1465612,0.779402,5,9,3
"591","DED1","Chemnitz",2012,1465612,0.800264,5,9,3
"592","DED1","Chemnitz",2013,1465612,0.761194,5,9,3
"593","DED1","Chemnitz",2014,1465612,0.777076,5,9,3
"594","DED1","Chemnitz",2015,1465612,0.771148,5,9,3
"595","DED2","Dresden",1998,1602754,0.852713,5,9,3
"596","DED2","Dresden",1999,1602754,0.869274,5,9,3
"597","DED2","Dresden",2000,1602754,0.866372,5,10,3
"598","DED2","Dresden",2001,1602754,0.95237,5,10,3
"599","DED2","Dresden",2002,1602754,0.932781,5,10,3
"600","DED2","Dresden",2003,1602754,0.909719,5,10,3
"601","DED2","Dresden",2004,1602754,0.921882,5,10,3
"602","DED2","Dresden",2005,1602754,0.889357,5,10,3
"603","DED2","Dresden",2006,1602754,0.895133,5,9,3
"604","DED2","Dresden",2007,1602754,0.895201,5,9,3
"605","DED2","Dresden",2008,1602754,0.884516,5,9,3
"606","DED2","Dresden",2009,1602754,0.907375,5,10,3
"607","DED2","Dresden",2010,1602754,0.894742,5,10,3
"608","DED2","Dresden",2011,1602754,0.891371,5,10,3
"609","DED2","Dresden",2012,1602754,0.905151,5,10,3
"610","DED2","Dresden",2013,1602754,0.886057,5,10,3
"611","DED2","Dresden",2014,1602754,0.898872,5,10,3
"612","DED2","Dresden",2015,1602754,0.908935,5,10,3
"613","DED3","Leipzig",1998,1016485,0.876459,5,10,3
"614","DED3","Leipzig",1999,1016485,0.907296,5,10,3
"615","DED3","Leipzig",2000,1016485,0.922175,5,10,3
"616","DED3","Leipzig",2001,1016485,1,5,10,3
"617","DED3","Leipzig",2002,1016485,1,5,10,3
"618","DED3","Leipzig",2003,1016485,1,5,10,3
"619","DED3","Leipzig",2004,1016485,0.998043,5,10,3
"620","DED3","Leipzig",2005,1016485,1,5,10,3
"621","DED3","Leipzig",2006,1016485,1,5,10,3
"622","DED3","Leipzig",2007,1016485,1,5,10,3
"623","DED3","Leipzig",2008,1016485,1,5,10,3
"624","DED3","Leipzig",2009,1016485,0.994684,5,10,3
"625","DED3","Leipzig",2010,1016485,0.966536,5,10,3
"626","DED3","Leipzig",2011,1016485,0.946776,5,10,3
"627","DED3","Leipzig",2012,1016485,0.956004,5,10,3
"628","DED3","Leipzig",2013,1016485,0.949217,5,10,3
"629","DED3","Leipzig",2014,1016485,0.961238,5,10,3
"630","DED3","Leipzig",2015,1016485,0.978667,5,10,3
"631","DEE0","Sachsen-Anhalt",1998,2245470,1,5,10,3
"632","DEE0","Sachsen-Anhalt",1999,2245470,1,5,10,3
"633","DEE0","Sachsen-Anhalt",2000,2245470,1,5,10,3
"634","DEE0","Sachsen-Anhalt",2001,2245470,0.958281,5,10,3
"635","DEE0","Sachsen-Anhalt",2002,2245470,0.962403,5,10,3
"636","DEE0","Sachsen-Anhalt",2003,2245470,0.958681,5,10,3
"637","DEE0","Sachsen-Anhalt",2004,2245470,0.937565,5,10,3
"638","DEE0","Sachsen-Anhalt",2005,2245470,0.926093,5,10,3
"639","DEE0","Sachsen-Anhalt",2006,2245470,0.926475,5,10,3
"640","DEE0","Sachsen-Anhalt",2007,2245470,0.960599,5,10,3
"641","DEE0","Sachsen-Anhalt",2008,2245470,0.888533,5,10,3
"642","DEE0","Sachsen-Anhalt",2009,2245470,0.887345,5,10,3
"643","DEE0","Sachsen-Anhalt",2010,2245470,0.853266,5,10,3
"644","DEE0","Sachsen-Anhalt",2011,2245470,0.844258,5,10,3
"645","DEE0","Sachsen-Anhalt",2012,2245470,0.867271,5,10,3
"646","DEE0","Sachsen-Anhalt",2013,2245470,0.873302,5,10,3
"647","DEE0","Sachsen-Anhalt",2014,2245470,0.859297,5,9,3
"648","DEE0","Sachsen-Anhalt",2015,2245470,0.839528,5,9,3
"649","DEF0","Schleswig-Holstein",1998,2858714,0.327179,3,5,2
"650","DEF0","Schleswig-Holstein",1999,2858714,0.3564,3,5,2
"651","DEF0","Schleswig-Holstein",2000,2858714,0.339939,3,6,2
"652","DEF0","Schleswig-Holstein",2001,2858714,0.360858,3,6,2
"653","DEF0","Schleswig-Holstein",2002,2858714,0.340087,3,6,2
"654","DEF0","Schleswig-Holstein",2003,2858714,0.350201,4,7,2
"655","DEF0","Schleswig-Holstein",2004,2858714,0.352278,4,7,2
"656","DEF0","Schleswig-Holstein",2005,2858714,0.347608,4,7,2
"657","DEF0","Schleswig-Holstein",2006,2858714,0.344642,3,6,2
"658","DEF0","Schleswig-Holstein",2007,2858714,0.352168,3,6,2
"659","DEF0","Schleswig-Holstein",2008,2858714,0.346131,3,6,2
"660","DEF0","Schleswig-Holstein",2009,2858714,0.353501,3,6,2
"661","DEF0","Schleswig-Holstein",2010,2858714,0.359075,3,5,2
"662","DEF0","Schleswig-Holstein",2011,2858714,0.334615,3,6,2
"663","DEF0","Schleswig-Holstein",2012,2858714,0.351068,3,6,2
"664","DEF0","Schleswig-Holstein",2013,2858714,0.346001,3,6,2
"665","DEF0","Schleswig-Holstein",2014,2858714,0.349367,3,6,2
"666","DEF0","Schleswig-Holstein",2015,2858714,0.341971,3,6,2
"667","DEG0","Thüringen",1998,2170714,0.788903,5,9,3
"668","DEG0","Thüringen",1999,2170714,0.780068,5,9,3
"669","DEG0","Thüringen",2000,2170714,0.814644,5,9,3
"670","DEG0","Thüringen",2001,2170714,0.856287,5,9,3
"671","DEG0","Thüringen",2002,2170714,0.830582,5,9,3
"672","DEG0","Thüringen",2003,2170714,0.859274,5,9,3
"673","DEG0","Thüringen",2004,2170714,0.87583,5,9,3
"674","DEG0","Thüringen",2005,2170714,0.849375,5,9,3
"675","DEG0","Thüringen",2006,2170714,0.83031,5,9,3
"676","DEG0","Thüringen",2007,2170714,0.82283,5,9,3
"677","DEG0","Thüringen",2008,2170714,0.801352,5,9,3
"678","DEG0","Thüringen",2009,2170714,0.811786,5,9,3
"679","DEG0","Thüringen",2010,2170714,0.768766,5,9,3
"680","DEG0","Thüringen",2011,2170714,0.737572,5,9,3
"681","DEG0","Thüringen",2012,2170714,0.765739,5,9,3
"682","DEG0","Thüringen",2013,2170714,0.738257,5,9,3
"683","DEG0","Thüringen",2014,2170714,0.733942,5,9,3
"684","DEG0","Thüringen",2015,2170714,0.722812,5,9,3
