"","Raumordnungsregion Nr","Raumordnungsregion","Jahr","Bevölkerung","GISD_Score","GISD_5","GISD_10","GISD_k"
"1",101,"Schleswig-Holstein Mitte",1998,724185,0.413334,3,6,2
"2",101,"Schleswig-Holstein Mitte",1999,724185,0.464584,4,7,2
"3",101,"Schleswig-Holstein Mitte",2000,724185,0.4431,4,7,2
"4",101,"Schleswig-Holstein Mitte",2001,724185,0.471312,4,7,2
"5",101,"Schleswig-Holstein Mitte",2002,724185,0.449342,4,7,2
"6",101,"Schleswig-Holstein Mitte",2003,724185,0.448318,4,7,2
"7",101,"Schleswig-Holstein Mitte",2004,724185,0.449928,4,7,2
"8",101,"Schleswig-Holstein Mitte",2005,724185,0.501775,4,7,2
"9",101,"Schleswig-Holstein Mitte",2006,724185,0.495117,4,7,2
"10",101,"Schleswig-Holstein Mitte",2007,724185,0.51548,4,7,2
"11",101,"Schleswig-Holstein Mitte",2008,724185,0.550975,4,7,2
"12",101,"Schleswig-Holstein Mitte",2009,724185,0.536835,4,7,2
"13",101,"Schleswig-Holstein Mitte",2010,724185,0.560945,4,7,2
"14",101,"Schleswig-Holstein Mitte",2011,724185,0.559843,4,7,2
"15",101,"Schleswig-Holstein Mitte",2012,724185,0.579073,4,7,2
"16",101,"Schleswig-Holstein Mitte",2013,724185,0.555078,4,7,2
"17",101,"Schleswig-Holstein Mitte",2014,724185,0.569488,4,7,2
"18",101,"Schleswig-Holstein Mitte",2015,724185,0.563882,4,7,2
"19",102,"Schleswig-Holstein Nord",1998,446741,0.452408,4,7,2
"20",102,"Schleswig-Holstein Nord",1999,446741,0.457482,4,7,2
"21",102,"Schleswig-Holstein Nord",2000,446741,0.449599,4,7,2
"22",102,"Schleswig-Holstein Nord",2001,446741,0.471335,4,7,2
"23",102,"Schleswig-Holstein Nord",2002,446741,0.447532,4,7,2
"24",102,"Schleswig-Holstein Nord",2003,446741,0.460589,4,7,2
"25",102,"Schleswig-Holstein Nord",2004,446741,0.447948,4,7,2
"26",102,"Schleswig-Holstein Nord",2005,446741,0.470299,4,7,2
"27",102,"Schleswig-Holstein Nord",2006,446741,0.494227,4,7,2
"28",102,"Schleswig-Holstein Nord",2007,446741,0.479467,3,6,2
"29",102,"Schleswig-Holstein Nord",2008,446741,0.504698,4,7,2
"30",102,"Schleswig-Holstein Nord",2009,446741,0.505667,4,7,2
"31",102,"Schleswig-Holstein Nord",2010,446741,0.501386,4,7,2
"32",102,"Schleswig-Holstein Nord",2011,446741,0.505143,3,6,2
"33",102,"Schleswig-Holstein Nord",2012,446741,0.503836,4,7,2
"34",102,"Schleswig-Holstein Nord",2013,446741,0.497146,3,6,2
"35",102,"Schleswig-Holstein Nord",2014,446741,0.502209,3,6,2
"36",102,"Schleswig-Holstein Nord",2015,446741,0.469072,3,6,2
"37",103,"Schleswig-Holstein Ost",1998,415827,0.472291,4,7,2
"38",103,"Schleswig-Holstein Ost",1999,415827,0.509085,4,8,2
"39",103,"Schleswig-Holstein Ost",2000,415827,0.493127,4,7,2
"40",103,"Schleswig-Holstein Ost",2001,415827,0.516462,4,8,2
"41",103,"Schleswig-Holstein Ost",2002,415827,0.479553,4,7,2
"42",103,"Schleswig-Holstein Ost",2003,415827,0.491961,4,8,2
"43",103,"Schleswig-Holstein Ost",2004,415827,0.471869,4,8,2
"44",103,"Schleswig-Holstein Ost",2005,415827,0.535067,4,8,2
"45",103,"Schleswig-Holstein Ost",2006,415827,0.529055,4,7,2
"46",103,"Schleswig-Holstein Ost",2007,415827,0.555017,4,7,2
"47",103,"Schleswig-Holstein Ost",2008,415827,0.567336,4,7,2
"48",103,"Schleswig-Holstein Ost",2009,415827,0.578799,4,7,2
"49",103,"Schleswig-Holstein Ost",2010,415827,0.563957,4,7,2
"50",103,"Schleswig-Holstein Ost",2011,415827,0.575918,4,7,2
"51",103,"Schleswig-Holstein Ost",2012,415827,0.560208,4,7,2
"52",103,"Schleswig-Holstein Ost",2013,415827,0.560295,4,7,2
"53",103,"Schleswig-Holstein Ost",2014,415827,0.54616,4,7,2
"54",103,"Schleswig-Holstein Ost",2015,415827,0.558381,4,7,2
"55",104,"Schleswig-Holstein Süd",1998,1007587,0.175704,2,3,2
"56",104,"Schleswig-Holstein Süd",1999,1007587,0.211966,2,4,2
"57",104,"Schleswig-Holstein Süd",2000,1007587,0.191063,2,3,2
"58",104,"Schleswig-Holstein Süd",2001,1007587,0.206893,2,3,2
"59",104,"Schleswig-Holstein Süd",2002,1007587,0.205629,2,4,2
"60",104,"Schleswig-Holstein Süd",2003,1007587,0.204446,2,4,2
"61",104,"Schleswig-Holstein Süd",2004,1007587,0.218098,2,4,2
"62",104,"Schleswig-Holstein Süd",2005,1007587,0.232955,2,4,2
"63",104,"Schleswig-Holstein Süd",2006,1007587,0.236206,2,4,2
"64",104,"Schleswig-Holstein Süd",2007,1007587,0.250753,2,4,2
"65",104,"Schleswig-Holstein Süd",2008,1007587,0.242644,2,3,2
"66",104,"Schleswig-Holstein Süd",2009,1007587,0.224379,2,3,2
"67",104,"Schleswig-Holstein Süd",2010,1007587,0.249414,2,3,2
"68",104,"Schleswig-Holstein Süd",2011,1007587,0.23175,2,3,2
"69",104,"Schleswig-Holstein Süd",2012,1007587,0.25447,2,3,2
"70",104,"Schleswig-Holstein Süd",2013,1007587,0.244322,2,3,2
"71",104,"Schleswig-Holstein Süd",2014,1007587,0.254039,2,3,2
"72",104,"Schleswig-Holstein Süd",2015,1007587,0.231754,2,3,2
"73",105,"Schleswig-Holstein Süd-West",1998,264374,0.395415,3,6,2
"74",105,"Schleswig-Holstein Süd-West",1999,264374,0.409599,3,6,2
"75",105,"Schleswig-Holstein Süd-West",2000,264374,0.405529,3,6,2
"76",105,"Schleswig-Holstein Süd-West",2001,264374,0.426133,3,6,2
"77",105,"Schleswig-Holstein Süd-West",2002,264374,0.393746,3,6,2
"78",105,"Schleswig-Holstein Süd-West",2003,264374,0.432033,4,7,2
"79",105,"Schleswig-Holstein Süd-West",2004,264374,0.408609,3,6,2
"80",105,"Schleswig-Holstein Süd-West",2005,264374,0.454892,3,6,2
"81",105,"Schleswig-Holstein Süd-West",2006,264374,0.45596,3,6,2
"82",105,"Schleswig-Holstein Süd-West",2007,264374,0.451639,3,6,2
"83",105,"Schleswig-Holstein Süd-West",2008,264374,0.454337,3,6,2
"84",105,"Schleswig-Holstein Süd-West",2009,264374,0.469312,3,6,2
"85",105,"Schleswig-Holstein Süd-West",2010,264374,0.470304,3,6,2
"86",105,"Schleswig-Holstein Süd-West",2011,264374,0.456582,3,6,2
"87",105,"Schleswig-Holstein Süd-West",2012,264374,0.443941,3,6,2
"88",105,"Schleswig-Holstein Süd-West",2013,264374,0.464739,3,6,2
"89",105,"Schleswig-Holstein Süd-West",2014,264374,0.453837,3,6,2
"90",105,"Schleswig-Holstein Süd-West",2015,264374,0.462294,3,6,2
"91",201,"Hamburg",1998,1787408,0.226003,2,4,2
"92",201,"Hamburg",1999,1787408,0.215621,2,4,2
"93",201,"Hamburg",2000,1787408,0.198247,2,3,2
"94",201,"Hamburg",2001,1787408,0.22159,2,4,2
"95",201,"Hamburg",2002,1787408,0.244427,2,4,2
"96",201,"Hamburg",2003,1787408,0.251922,2,4,2
"97",201,"Hamburg",2004,1787408,0.242194,2,4,2
"98",201,"Hamburg",2005,1787408,0.314902,3,5,2
"99",201,"Hamburg",2006,1787408,0.315272,3,5,2
"100",201,"Hamburg",2007,1787408,0.355693,3,5,2
"101",201,"Hamburg",2008,1787408,0.387355,3,5,2
"102",201,"Hamburg",2009,1787408,0.372528,3,5,2
"103",201,"Hamburg",2010,1787408,0.441735,3,6,2
"104",201,"Hamburg",2011,1787408,0.395794,3,5,2
"105",201,"Hamburg",2012,1787408,0.403587,3,5,2
"106",201,"Hamburg",2013,1787408,0.415792,3,5,2
"107",201,"Hamburg",2014,1787408,0.447474,3,6,2
"108",201,"Hamburg",2015,1787408,0.450915,3,5,2
"109",301,"Braunschweig",1998,1133730,0.438621,4,7,2
"110",301,"Braunschweig",1999,1133730,0.461282,4,7,2
"111",301,"Braunschweig",2000,1133730,0.424488,4,7,2
"112",301,"Braunschweig",2001,1133730,0.470985,4,7,2
"113",301,"Braunschweig",2002,1133730,0.448353,4,7,2
"114",301,"Braunschweig",2003,1133730,0.405768,3,6,2
"115",301,"Braunschweig",2004,1133730,0.454235,4,7,2
"116",301,"Braunschweig",2005,1133730,0.48514,4,7,2
"117",301,"Braunschweig",2006,1133730,0.499135,4,7,2
"118",301,"Braunschweig",2007,1133730,0.528008,4,7,2
"119",301,"Braunschweig",2008,1133730,0.520781,4,7,2
"120",301,"Braunschweig",2009,1133730,0.525875,4,7,2
"121",301,"Braunschweig",2010,1133730,0.548246,4,7,2
"122",301,"Braunschweig",2011,1133730,0.538943,4,7,2
"123",301,"Braunschweig",2012,1133730,0.517167,4,7,2
"124",301,"Braunschweig",2013,1133730,0.497906,3,6,2
"125",301,"Braunschweig",2014,1133730,0.504593,3,6,2
"126",301,"Braunschweig",2015,1133730,0.492975,3,6,2
"127",302,"Bremen-Umland",1998,538523,0.341305,3,5,2
"128",302,"Bremen-Umland",1999,538523,0.339882,3,5,2
"129",302,"Bremen-Umland",2000,538523,0.315342,3,5,2
"130",302,"Bremen-Umland",2001,538523,0.345291,3,5,2
"131",302,"Bremen-Umland",2002,538523,0.333381,3,6,2
"132",302,"Bremen-Umland",2003,538523,0.302983,3,5,2
"133",302,"Bremen-Umland",2004,538523,0.324944,3,6,2
"134",302,"Bremen-Umland",2005,538523,0.358038,3,6,2
"135",302,"Bremen-Umland",2006,538523,0.365285,3,6,2
"136",302,"Bremen-Umland",2007,538523,0.373299,3,6,2
"137",302,"Bremen-Umland",2008,538523,0.388491,3,6,2
"138",302,"Bremen-Umland",2009,538523,0.387236,3,5,2
"139",302,"Bremen-Umland",2010,538523,0.407617,3,5,2
"140",302,"Bremen-Umland",2011,538523,0.389762,3,5,2
"141",302,"Bremen-Umland",2012,538523,0.396701,3,5,2
"142",302,"Bremen-Umland",2013,538523,0.379549,3,5,2
"143",302,"Bremen-Umland",2014,538523,0.398449,3,5,2
"144",302,"Bremen-Umland",2015,538523,0.395647,3,5,2
"145",303,"Bremerhaven",1998,401367,0.500766,4,8,2
"146",303,"Bremerhaven",1999,401367,0.514331,4,8,2
"147",303,"Bremerhaven",2000,401367,0.500058,4,8,2
"148",303,"Bremerhaven",2001,401367,0.539519,4,8,2
"149",303,"Bremerhaven",2002,401367,0.526354,4,8,2
"150",303,"Bremerhaven",2003,401367,0.49971,4,8,2
"151",303,"Bremerhaven",2004,401367,0.50103,4,8,2
"152",303,"Bremerhaven",2005,401367,0.542959,4,8,2
"153",303,"Bremerhaven",2006,401367,0.566292,4,8,2
"154",303,"Bremerhaven",2007,401367,0.556435,4,7,2
"155",303,"Bremerhaven",2008,401367,0.580694,4,7,2
"156",303,"Bremerhaven",2009,401367,0.541851,4,7,2
"157",303,"Bremerhaven",2010,401367,0.579074,4,7,2
"158",303,"Bremerhaven",2011,401367,0.590855,4,7,2
"159",303,"Bremerhaven",2012,401367,0.556641,4,7,2
"160",303,"Bremerhaven",2013,401367,0.558188,4,7,2
"161",303,"Bremerhaven",2014,401367,0.579203,4,7,2
"162",303,"Bremerhaven",2015,401367,0.584397,4,7,2
"163",304,"Emsland",1998,455150,0.4507,4,7,2
"164",304,"Emsland",1999,455150,0.448243,3,6,2
"165",304,"Emsland",2000,455150,0.426227,4,7,2
"166",304,"Emsland",2001,455150,0.456999,4,7,2
"167",304,"Emsland",2002,455150,0.469156,4,7,2
"168",304,"Emsland",2003,455150,0.430311,4,7,2
"169",304,"Emsland",2004,455150,0.440465,4,7,2
"170",304,"Emsland",2005,455150,0.460251,3,6,2
"171",304,"Emsland",2006,455150,0.449228,3,6,2
"172",304,"Emsland",2007,455150,0.450466,3,6,2
"173",304,"Emsland",2008,455150,0.474953,3,6,2
"174",304,"Emsland",2009,455150,0.461693,3,6,2
"175",304,"Emsland",2010,455150,0.468726,3,6,2
"176",304,"Emsland",2011,455150,0.502988,3,6,2
"177",304,"Emsland",2012,455150,0.473338,3,6,2
"178",304,"Emsland",2013,455150,0.462336,3,6,2
"179",304,"Emsland",2014,455150,0.467491,3,6,2
"180",304,"Emsland",2015,455150,0.426358,3,5,2
"181",305,"Göttingen",1998,536093,0.511288,4,8,2
"182",305,"Göttingen",1999,536093,0.507332,4,7,2
"183",305,"Göttingen",2000,536093,0.496571,4,8,2
"184",305,"Göttingen",2001,536093,0.507402,4,7,2
"185",305,"Göttingen",2002,536093,0.508129,4,8,2
"186",305,"Göttingen",2003,536093,0.471892,4,7,2
"187",305,"Göttingen",2004,536093,0.510284,4,8,2
"188",305,"Göttingen",2005,536093,0.539599,4,8,2
"189",305,"Göttingen",2006,536093,0.5693,4,8,2
"190",305,"Göttingen",2007,536093,0.583549,4,8,2
"191",305,"Göttingen",2008,536093,0.595647,4,8,2
"192",305,"Göttingen",2009,536093,0.620935,4,8,2
"193",305,"Göttingen",2010,536093,0.626825,4,8,2
"194",305,"Göttingen",2011,536093,0.622204,4,8,2
"195",305,"Göttingen",2012,536093,0.609914,4,8,2
"196",305,"Göttingen",2013,536093,0.611127,4,8,2
"197",305,"Göttingen",2014,536093,0.599582,4,8,2
"198",305,"Göttingen",2015,536093,0.605252,4,8,2
"199",306,"Hamburg-Umland-Süd",1998,611429,0.307661,3,5,2
"200",306,"Hamburg-Umland-Süd",1999,611429,0.309494,3,5,2
"201",306,"Hamburg-Umland-Süd",2000,611429,0.247557,2,4,2
"202",306,"Hamburg-Umland-Süd",2001,611429,0.29744,3,5,2
"203",306,"Hamburg-Umland-Süd",2002,611429,0.27836,3,5,2
"204",306,"Hamburg-Umland-Süd",2003,611429,0.275882,3,5,2
"205",306,"Hamburg-Umland-Süd",2004,611429,0.279262,3,5,2
"206",306,"Hamburg-Umland-Süd",2005,611429,0.281643,2,4,2
"207",306,"Hamburg-Umland-Süd",2006,611429,0.305594,3,5,2
"208",306,"Hamburg-Umland-Süd",2007,611429,0.311991,3,5,2
"209",306,"Hamburg-Umland-Süd",2008,611429,0.322612,2,4,2
"210",306,"Hamburg-Umland-Süd",2009,611429,0.302343,2,4,2
"211",306,"Hamburg-Umland-Süd",2010,611429,0.346538,2,4,2
"212",306,"Hamburg-Umland-Süd",2011,611429,0.327872,2,4,2
"213",306,"Hamburg-Umland-Süd",2012,611429,0.319835,2,4,2
"214",306,"Hamburg-Umland-Süd",2013,611429,0.325964,2,4,2
"215",306,"Hamburg-Umland-Süd",2014,611429,0.315151,2,4,2
"216",306,"Hamburg-Umland-Süd",2015,611429,0.290117,2,4,2
"217",307,"Hannover",1998,1421319,0.413943,3,6,2
"218",307,"Hannover",1999,1421319,0.428281,3,6,2
"219",307,"Hannover",2000,1421319,0.396623,3,6,2
"220",307,"Hannover",2001,1421319,0.41329,3,6,2
"221",307,"Hannover",2002,1421319,0.413759,3,6,2
"222",307,"Hannover",2003,1421319,0.39547,3,6,2
"223",307,"Hannover",2004,1421319,0.420765,3,6,2
"224",307,"Hannover",2005,1421319,0.485622,4,7,2
"225",307,"Hannover",2006,1421319,0.500713,4,7,2
"226",307,"Hannover",2007,1421319,0.505259,4,7,2
"227",307,"Hannover",2008,1421319,0.518398,4,7,2
"228",307,"Hannover",2009,1421319,0.536484,4,7,2
"229",307,"Hannover",2010,1421319,0.569514,4,7,2
"230",307,"Hannover",2011,1421319,0.568382,4,7,2
"231",307,"Hannover",2012,1421319,0.559861,4,7,2
"232",307,"Hannover",2013,1421319,0.564367,4,7,2
"233",307,"Hannover",2014,1421319,0.573246,4,7,2
"234",307,"Hannover",2015,1421319,0.577596,4,7,2
"235",308,"Hildesheim",1998,425336,0.448092,4,7,2
"236",308,"Hildesheim",1999,425336,0.466958,4,7,2
"237",308,"Hildesheim",2000,425336,0.392491,3,6,2
"238",308,"Hildesheim",2001,425336,0.431079,3,6,2
"239",308,"Hildesheim",2002,425336,0.423544,3,6,2
"240",308,"Hildesheim",2003,425336,0.397961,3,6,2
"241",308,"Hildesheim",2004,425336,0.426581,4,7,2
"242",308,"Hildesheim",2005,425336,0.460027,3,6,2
"243",308,"Hildesheim",2006,425336,0.475643,4,7,2
"244",308,"Hildesheim",2007,425336,0.491277,4,7,2
"245",308,"Hildesheim",2008,425336,0.498932,4,7,2
"246",308,"Hildesheim",2009,425336,0.508383,4,7,2
"247",308,"Hildesheim",2010,425336,0.551148,4,7,2
"248",308,"Hildesheim",2011,425336,0.564093,4,7,2
"249",308,"Hildesheim",2012,425336,0.555636,4,7,2
"250",308,"Hildesheim",2013,425336,0.543392,4,7,2
"251",308,"Hildesheim",2014,425336,0.565257,4,7,2
"252",308,"Hildesheim",2015,425336,0.5491,4,7,2
"253",309,"Lüneburg",1998,323978,0.527516,4,8,2
"254",309,"Lüneburg",1999,323978,0.576512,4,8,2
"255",309,"Lüneburg",2000,323978,0.536506,4,8,2
"256",309,"Lüneburg",2001,323978,0.563949,4,8,2
"257",309,"Lüneburg",2002,323978,0.573799,4,8,2
"258",309,"Lüneburg",2003,323978,0.551455,4,8,2
"259",309,"Lüneburg",2004,323978,0.572213,4,8,2
"260",309,"Lüneburg",2005,323978,0.581958,4,8,2
"261",309,"Lüneburg",2006,323978,0.586242,4,8,2
"262",309,"Lüneburg",2007,323978,0.589152,4,8,2
"263",309,"Lüneburg",2008,323978,0.594412,4,8,2
"264",309,"Lüneburg",2009,323978,0.632105,4,8,2
"265",309,"Lüneburg",2010,323978,0.62258,4,8,2
"266",309,"Lüneburg",2011,323978,0.654497,4,8,2
"267",309,"Lüneburg",2012,323978,0.627991,4,8,2
"268",309,"Lüneburg",2013,323978,0.632747,4,8,2
"269",309,"Lüneburg",2014,323978,0.629026,4,8,2
"270",309,"Lüneburg",2015,323978,0.62842,4,8,2
"271",310,"Oldenburg",1998,578607,0.438196,4,7,2
"272",310,"Oldenburg",1999,578607,0.468556,4,7,2
"273",310,"Oldenburg",2000,578607,0.418896,4,7,2
"274",310,"Oldenburg",2001,578607,0.467314,4,7,2
"275",310,"Oldenburg",2002,578607,0.456986,4,7,2
"276",310,"Oldenburg",2003,578607,0.423881,4,7,2
"277",310,"Oldenburg",2004,578607,0.445705,4,7,2
"278",310,"Oldenburg",2005,578607,0.475657,4,7,2
"279",310,"Oldenburg",2006,578607,0.469816,3,6,2
"280",310,"Oldenburg",2007,578607,0.484824,4,7,2
"281",310,"Oldenburg",2008,578607,0.485409,3,6,2
"282",310,"Oldenburg",2009,578607,0.493676,3,6,2
"283",310,"Oldenburg",2010,578607,0.497868,3,6,2
"284",310,"Oldenburg",2011,578607,0.511806,4,7,2
"285",310,"Oldenburg",2012,578607,0.477124,3,6,2
"286",310,"Oldenburg",2013,578607,0.477703,3,6,2
"287",310,"Oldenburg",2014,578607,0.47946,3,6,2
"288",310,"Oldenburg",2015,578607,0.466125,3,6,2
"289",311,"Osnabrück",1998,658348,0.331692,3,5,2
"290",311,"Osnabrück",1999,658348,0.364321,3,6,2
"291",311,"Osnabrück",2000,658348,0.327233,3,6,2
"292",311,"Osnabrück",2001,658348,0.350825,3,6,2
"293",311,"Osnabrück",2002,658348,0.32203,3,5,2
"294",311,"Osnabrück",2003,658348,0.288564,3,5,2
"295",311,"Osnabrück",2004,658348,0.314573,3,6,2
"296",311,"Osnabrück",2005,658348,0.32925,3,5,2
"297",311,"Osnabrück",2006,658348,0.321497,3,5,2
"298",311,"Osnabrück",2007,658348,0.330457,3,5,2
"299",311,"Osnabrück",2008,658348,0.362063,3,5,2
"300",311,"Osnabrück",2009,658348,0.358505,3,5,2
"301",311,"Osnabrück",2010,658348,0.397461,3,5,2
"302",311,"Osnabrück",2011,658348,0.377148,3,5,2
"303",311,"Osnabrück",2012,658348,0.338104,2,4,2
"304",311,"Osnabrück",2013,658348,0.36624,2,4,2
"305",311,"Osnabrück",2014,658348,0.372043,3,5,2
"306",311,"Osnabrück",2015,658348,0.356185,2,4,2
"307",312,"Ost-Friesland",1998,638509,0.595856,4,8,2
"308",312,"Ost-Friesland",1999,638509,0.578829,4,8,2
"309",312,"Ost-Friesland",2000,638509,0.578843,4,8,2
"310",312,"Ost-Friesland",2001,638509,0.615352,4,8,2
"311",312,"Ost-Friesland",2002,638509,0.587279,4,8,2
"312",312,"Ost-Friesland",2003,638509,0.561005,4,8,2
"313",312,"Ost-Friesland",2004,638509,0.593203,4,8,2
"314",312,"Ost-Friesland",2005,638509,0.612075,4,8,2
"315",312,"Ost-Friesland",2006,638509,0.601907,4,8,2
"316",312,"Ost-Friesland",2007,638509,0.629085,4,8,2
"317",312,"Ost-Friesland",2008,638509,0.628622,4,8,2
"318",312,"Ost-Friesland",2009,638509,0.62754,4,8,2
"319",312,"Ost-Friesland",2010,638509,0.654318,4,8,2
"320",312,"Ost-Friesland",2011,638509,0.66209,4,8,2
"321",312,"Ost-Friesland",2012,638509,0.615741,4,8,2
"322",312,"Ost-Friesland",2013,638509,0.619979,4,8,2
"323",312,"Ost-Friesland",2014,638509,0.622957,4,8,2
"324",312,"Ost-Friesland",2015,638509,0.605205,4,8,2
"325",313,"Südheide",1998,318235,0.448855,4,7,2
"326",313,"Südheide",1999,318235,0.454379,4,7,2
"327",313,"Südheide",2000,318235,0.441265,4,7,2
"328",313,"Südheide",2001,318235,0.471355,4,7,2
"329",313,"Südheide",2002,318235,0.452902,4,7,2
"330",313,"Südheide",2003,318235,0.439269,4,7,2
"331",313,"Südheide",2004,318235,0.450219,4,7,2
"332",313,"Südheide",2005,318235,0.498322,4,7,2
"333",313,"Südheide",2006,318235,0.512625,4,7,2
"334",313,"Südheide",2007,318235,0.51179,4,7,2
"335",313,"Südheide",2008,318235,0.551512,4,7,2
"336",313,"Südheide",2009,318235,0.512394,4,7,2
"337",313,"Südheide",2010,318235,0.501744,4,7,2
"338",313,"Südheide",2011,318235,0.536095,4,7,2
"339",313,"Südheide",2012,318235,0.505695,4,7,2
"340",313,"Südheide",2013,318235,0.491761,3,6,2
"341",313,"Südheide",2014,318235,0.51264,4,7,2
"342",313,"Südheide",2015,318235,0.503921,3,6,2
"343",401,"Bremen",1998,557464,0.528166,4,8,2
"344",401,"Bremen",1999,557464,0.567038,4,8,2
"345",401,"Bremen",2000,557464,0.53616,4,8,2
"346",401,"Bremen",2001,557464,0.540252,4,8,2
"347",401,"Bremen",2002,557464,0.550627,4,8,2
"348",401,"Bremen",2003,557464,0.538106,4,8,2
"349",401,"Bremen",2004,557464,0.521769,4,8,2
"350",401,"Bremen",2005,557464,0.601297,4,8,2
"351",401,"Bremen",2006,557464,0.635001,4,8,2
"352",401,"Bremen",2007,557464,0.622225,4,8,2
"353",401,"Bremen",2008,557464,0.600801,4,8,2
"354",401,"Bremen",2009,557464,0.706441,4,8,2
"355",401,"Bremen",2010,557464,0.747153,4,8,2
"356",401,"Bremen",2011,557464,0.727542,4,8,2
"357",401,"Bremen",2012,557464,0.757137,4,8,2
"358",401,"Bremen",2013,557464,0.72685,4,8,2
"359",401,"Bremen",2014,557464,0.728576,4,8,2
"360",401,"Bremen",2015,557464,0.746641,5,9,3
"361",501,"Aachen",1998,1260442,0.474835,4,7,2
"362",501,"Aachen",1999,1260442,0.493718,4,7,2
"363",501,"Aachen",2000,1260442,0.457867,4,7,2
"364",501,"Aachen",2001,1260442,0.467704,4,7,2
"365",501,"Aachen",2002,1260442,0.460392,4,7,2
"366",501,"Aachen",2003,1260442,0.462268,4,7,2
"367",501,"Aachen",2004,1260442,0.45719,4,7,2
"368",501,"Aachen",2005,1260442,0.520752,4,7,2
"369",501,"Aachen",2006,1260442,0.550701,4,7,2
"370",501,"Aachen",2007,1260442,0.55729,4,8,2
"371",501,"Aachen",2008,1260442,0.581688,4,8,2
"372",501,"Aachen",2009,1260442,0.579322,4,8,2
"373",501,"Aachen",2010,1260442,0.597015,4,8,2
"374",501,"Aachen",2011,1260442,0.597577,4,8,2
"375",501,"Aachen",2012,1260442,0.602221,4,8,2
"376",501,"Aachen",2013,1260442,0.640787,4,8,2
"377",501,"Aachen",2014,1260442,0.619474,4,8,2
"378",501,"Aachen",2015,1260442,0.620248,4,8,2
"379",502,"Arnsberg",1998,566757,0.325178,3,5,2
"380",502,"Arnsberg",1999,566757,0.328581,3,5,2
"381",502,"Arnsberg",2000,566757,0.322135,3,5,2
"382",502,"Arnsberg",2001,566757,0.340845,3,5,2
"383",502,"Arnsberg",2002,566757,0.326599,3,5,2
"384",502,"Arnsberg",2003,566757,0.318937,3,6,2
"385",502,"Arnsberg",2004,566757,0.301418,3,5,2
"386",502,"Arnsberg",2005,566757,0.325215,3,5,2
"387",502,"Arnsberg",2006,566757,0.352976,3,5,2
"388",502,"Arnsberg",2007,566757,0.333191,3,5,2
"389",502,"Arnsberg",2008,566757,0.326216,3,5,2
"390",502,"Arnsberg",2009,566757,0.342536,3,5,2
"391",502,"Arnsberg",2010,566757,0.360651,3,5,2
"392",502,"Arnsberg",2011,566757,0.350083,2,4,2
"393",502,"Arnsberg",2012,566757,0.362577,2,4,2
"394",502,"Arnsberg",2013,566757,0.365645,2,4,2
"395",502,"Arnsberg",2014,566757,0.35156,2,4,2
"396",502,"Arnsberg",2015,566757,0.357436,3,5,2
"397",503,"Bielefeld",1998,1609654,0.277916,3,5,2
"398",503,"Bielefeld",1999,1609654,0.291123,3,5,2
"399",503,"Bielefeld",2000,1609654,0.256539,3,5,2
"400",503,"Bielefeld",2001,1609654,0.259037,2,4,2
"401",503,"Bielefeld",2002,1609654,0.267952,3,5,2
"402",503,"Bielefeld",2003,1609654,0.2708,3,5,2
"403",503,"Bielefeld",2004,1609654,0.246337,2,4,2
"404",503,"Bielefeld",2005,1609654,0.29051,2,4,2
"405",503,"Bielefeld",2006,1609654,0.31009,3,5,2
"406",503,"Bielefeld",2007,1609654,0.304857,2,4,2
"407",503,"Bielefeld",2008,1609654,0.314254,2,4,2
"408",503,"Bielefeld",2009,1609654,0.319922,3,5,2
"409",503,"Bielefeld",2010,1609654,0.343719,2,4,2
"410",503,"Bielefeld",2011,1609654,0.349146,2,4,2
"411",503,"Bielefeld",2012,1609654,0.365868,3,5,2
"412",503,"Bielefeld",2013,1609654,0.373098,3,5,2
"413",503,"Bielefeld",2014,1609654,0.358281,2,4,2
"414",503,"Bielefeld",2015,1609654,0.353356,2,4,2
"415",504,"Bochum/Hagen",1998,1451762,0.343588,3,6,2
"416",504,"Bochum/Hagen",1999,1451762,0.363867,3,6,2
"417",504,"Bochum/Hagen",2000,1451762,0.340248,3,6,2
"418",504,"Bochum/Hagen",2001,1451762,0.335167,3,5,2
"419",504,"Bochum/Hagen",2002,1451762,0.319547,3,5,2
"420",504,"Bochum/Hagen",2003,1451762,0.311998,3,5,2
"421",504,"Bochum/Hagen",2004,1451762,0.266724,3,5,2
"422",504,"Bochum/Hagen",2005,1451762,0.326934,3,5,2
"423",504,"Bochum/Hagen",2006,1451762,0.357451,3,5,2
"424",504,"Bochum/Hagen",2007,1451762,0.362797,3,5,2
"425",504,"Bochum/Hagen",2008,1451762,0.365242,3,5,2
"426",504,"Bochum/Hagen",2009,1451762,0.3967,3,5,2
"427",504,"Bochum/Hagen",2010,1451762,0.436309,3,6,2
"428",504,"Bochum/Hagen",2011,1451762,0.421982,3,6,2
"429",504,"Bochum/Hagen",2012,1451762,0.430146,3,5,2
"430",504,"Bochum/Hagen",2013,1451762,0.469163,3,6,2
"431",504,"Bochum/Hagen",2014,1451762,0.447196,3,5,2
"432",504,"Bochum/Hagen",2015,1451762,0.463308,3,6,2
"433",505,"Bonn",1998,915022,0.327667,3,5,2
"434",505,"Bonn",1999,915022,0.343975,3,5,2
"435",505,"Bonn",2000,915022,0.297335,3,5,2
"436",505,"Bonn",2001,915022,0.336438,3,5,2
"437",505,"Bonn",2002,915022,0.328805,3,5,2
"438",505,"Bonn",2003,915022,0.322213,3,6,2
"439",505,"Bonn",2004,915022,0.319615,3,6,2
"440",505,"Bonn",2005,915022,0.366739,3,6,2
"441",505,"Bonn",2006,915022,0.423168,3,6,2
"442",505,"Bonn",2007,915022,0.442572,3,6,2
"443",505,"Bonn",2008,915022,0.455293,3,6,2
"444",505,"Bonn",2009,915022,0.462266,3,6,2
"445",505,"Bonn",2010,915022,0.487434,3,6,2
"446",505,"Bonn",2011,915022,0.445291,3,6,2
"447",505,"Bonn",2012,915022,0.466505,3,6,2
"448",505,"Bonn",2013,915022,0.501199,4,7,2
"449",505,"Bonn",2014,915022,0.495194,3,6,2
"450",505,"Bonn",2015,915022,0.5108,4,7,2
"451",506,"Dortmund",1998,1161613,0.564792,4,8,2
"452",506,"Dortmund",1999,1161613,0.567955,4,8,2
"453",506,"Dortmund",2000,1161613,0.543641,4,8,2
"454",506,"Dortmund",2001,1161613,0.570127,4,8,2
"455",506,"Dortmund",2002,1161613,0.533059,4,8,2
"456",506,"Dortmund",2003,1161613,0.52548,4,8,2
"457",506,"Dortmund",2004,1161613,0.478632,4,8,2
"458",506,"Dortmund",2005,1161613,0.550968,4,8,2
"459",506,"Dortmund",2006,1161613,0.580875,4,8,2
"460",506,"Dortmund",2007,1161613,0.587487,4,8,2
"461",506,"Dortmund",2008,1161613,0.611838,4,8,2
"462",506,"Dortmund",2009,1161613,0.609935,4,8,2
"463",506,"Dortmund",2010,1161613,0.665311,4,8,2
"464",506,"Dortmund",2011,1161613,0.674534,4,8,2
"465",506,"Dortmund",2012,1161613,0.677556,4,8,2
"466",506,"Dortmund",2013,1161613,0.696741,4,8,2
"467",506,"Dortmund",2014,1161613,0.68077,4,8,2
"468",506,"Dortmund",2015,1161613,0.68027,4,8,2
"469",507,"Duisburg/Essen",1998,2227068,0.472416,4,7,2
"470",507,"Duisburg/Essen",1999,2227068,0.485244,4,7,2
"471",507,"Duisburg/Essen",2000,2227068,0.452374,4,7,2
"472",507,"Duisburg/Essen",2001,2227068,0.463141,4,7,2
"473",507,"Duisburg/Essen",2002,2227068,0.437416,4,7,2
"474",507,"Duisburg/Essen",2003,2227068,0.435081,4,7,2
"475",507,"Duisburg/Essen",2004,2227068,0.418644,3,6,2
"476",507,"Duisburg/Essen",2005,2227068,0.474911,4,7,2
"477",507,"Duisburg/Essen",2006,2227068,0.524044,4,7,2
"478",507,"Duisburg/Essen",2007,2227068,0.532769,4,7,2
"479",507,"Duisburg/Essen",2008,2227068,0.551103,4,7,2
"480",507,"Duisburg/Essen",2009,2227068,0.540105,4,7,2
"481",507,"Duisburg/Essen",2010,2227068,0.574338,4,7,2
"482",507,"Duisburg/Essen",2011,2227068,0.582143,4,7,2
"483",507,"Duisburg/Essen",2012,2227068,0.597924,4,7,2
"484",507,"Duisburg/Essen",2013,2227068,0.618899,4,8,2
"485",507,"Duisburg/Essen",2014,2227068,0.603541,4,8,2
"486",507,"Duisburg/Essen",2015,2227068,0.630501,4,8,2
"487",508,"Düsseldorf",1998,2946555,0.31349,3,5,2
"488",508,"Düsseldorf",1999,2946555,0.329314,3,5,2
"489",508,"Düsseldorf",2000,2946555,0.294293,3,5,2
"490",508,"Düsseldorf",2001,2946555,0.286265,3,5,2
"491",508,"Düsseldorf",2002,2946555,0.274063,3,5,2
"492",508,"Düsseldorf",2003,2946555,0.272182,3,5,2
"493",508,"Düsseldorf",2004,2946555,0.258151,3,5,2
"494",508,"Düsseldorf",2005,2946555,0.309273,3,5,2
"495",508,"Düsseldorf",2006,2946555,0.365526,3,6,2
"496",508,"Düsseldorf",2007,2946555,0.372297,3,6,2
"497",508,"Düsseldorf",2008,2946555,0.385697,3,5,2
"498",508,"Düsseldorf",2009,2946555,0.396424,3,5,2
"499",508,"Düsseldorf",2010,2946555,0.423346,3,5,2
"500",508,"Düsseldorf",2011,2946555,0.421178,3,6,2
"501",508,"Düsseldorf",2012,2946555,0.44394,3,6,2
"502",508,"Düsseldorf",2013,2946555,0.453842,3,6,2
"503",508,"Düsseldorf",2014,2946555,0.437407,3,5,2
"504",508,"Düsseldorf",2015,2946555,0.461712,3,6,2
"505",509,"Emscher-Lippe",1998,995318,0.570511,4,8,2
"506",509,"Emscher-Lippe",1999,995318,0.572782,4,8,2
"507",509,"Emscher-Lippe",2000,995318,0.5435,4,8,2
"508",509,"Emscher-Lippe",2001,995318,0.549561,4,8,2
"509",509,"Emscher-Lippe",2002,995318,0.521142,4,8,2
"510",509,"Emscher-Lippe",2003,995318,0.51189,4,8,2
"511",509,"Emscher-Lippe",2004,995318,0.471047,4,7,2
"512",509,"Emscher-Lippe",2005,995318,0.52897,4,7,2
"513",509,"Emscher-Lippe",2006,995318,0.575035,4,8,2
"514",509,"Emscher-Lippe",2007,995318,0.567497,4,8,2
"515",509,"Emscher-Lippe",2008,995318,0.591759,4,8,2
"516",509,"Emscher-Lippe",2009,995318,0.586562,4,8,2
"517",509,"Emscher-Lippe",2010,995318,0.603497,4,8,2
"518",509,"Emscher-Lippe",2011,995318,0.61245,4,8,2
"519",509,"Emscher-Lippe",2012,995318,0.634255,4,8,2
"520",509,"Emscher-Lippe",2013,995318,0.6564,4,8,2
"521",509,"Emscher-Lippe",2014,995318,0.631756,4,8,2
"522",509,"Emscher-Lippe",2015,995318,0.639477,4,8,2
"523",510,"Köln",1998,2246907,0.34048,3,5,2
"524",510,"Köln",1999,2246907,0.360954,3,5,2
"525",510,"Köln",2000,2246907,0.319184,3,5,2
"526",510,"Köln",2001,2246907,0.333841,3,5,2
"527",510,"Köln",2002,2246907,0.309414,3,5,2
"528",510,"Köln",2003,2246907,0.311049,3,5,2
"529",510,"Köln",2004,2246907,0.319092,3,6,2
"530",510,"Köln",2005,2246907,0.374798,3,6,2
"531",510,"Köln",2006,2246907,0.414819,3,6,2
"532",510,"Köln",2007,2246907,0.417726,3,6,2
"533",510,"Köln",2008,2246907,0.439541,3,6,2
"534",510,"Köln",2009,2246907,0.450266,3,6,2
"535",510,"Köln",2010,2246907,0.480036,3,6,2
"536",510,"Köln",2011,2246907,0.495075,3,6,2
"537",510,"Köln",2012,2246907,0.503329,3,6,2
"538",510,"Köln",2013,2246907,0.523818,4,7,2
"539",510,"Köln",2014,2246907,0.509982,4,7,2
"540",510,"Köln",2015,2246907,0.537859,4,7,2
"541",511,"Münster",1998,1618911,0.361943,3,6,2
"542",511,"Münster",1999,1618911,0.358869,3,5,2
"543",511,"Münster",2000,1618911,0.326842,3,6,2
"544",511,"Münster",2001,1618911,0.35109,3,6,2
"545",511,"Münster",2002,1618911,0.337131,3,6,2
"546",511,"Münster",2003,1618911,0.325349,3,6,2
"547",511,"Münster",2004,1618911,0.30474,3,5,2
"548",511,"Münster",2005,1618911,0.330109,3,5,2
"549",511,"Münster",2006,1618911,0.33357,3,5,2
"550",511,"Münster",2007,1618911,0.35192,3,5,2
"551",511,"Münster",2008,1618911,0.358824,3,5,2
"552",511,"Münster",2009,1618911,0.363239,3,5,2
"553",511,"Münster",2010,1618911,0.387958,3,5,2
"554",511,"Münster",2011,1618911,0.392649,3,5,2
"555",511,"Münster",2012,1618911,0.40157,3,5,2
"556",511,"Münster",2013,1618911,0.40637,3,5,2
"557",511,"Münster",2014,1618911,0.384542,3,5,2
"558",511,"Münster",2015,1618911,0.380932,3,5,2
"559",512,"Paderborn",1998,448342,0.392528,3,6,2
"560",512,"Paderborn",1999,448342,0.392273,3,6,2
"561",512,"Paderborn",2000,448342,0.385407,3,6,2
"562",512,"Paderborn",2001,448342,0.408367,3,6,2
"563",512,"Paderborn",2002,448342,0.395071,3,6,2
"564",512,"Paderborn",2003,448342,0.374304,3,6,2
"565",512,"Paderborn",2004,448342,0.36524,3,6,2
"566",512,"Paderborn",2005,448342,0.409899,3,6,2
"567",512,"Paderborn",2006,448342,0.435381,3,6,2
"568",512,"Paderborn",2007,448342,0.433175,3,6,2
"569",512,"Paderborn",2008,448342,0.449377,3,6,2
"570",512,"Paderborn",2009,448342,0.443632,3,6,2
"571",512,"Paderborn",2010,448342,0.469944,3,6,2
"572",512,"Paderborn",2011,448342,0.458435,3,6,2
"573",512,"Paderborn",2012,448342,0.477889,3,6,2
"574",512,"Paderborn",2013,448342,0.482013,3,6,2
"575",512,"Paderborn",2014,448342,0.457559,3,6,2
"576",512,"Paderborn",2015,448342,0.45119,3,6,2
"577",513,"Siegen",1998,417165,0.2085,2,4,2
"578",513,"Siegen",1999,417165,0.20123,2,3,2
"579",513,"Siegen",2000,417165,0.218418,2,4,2
"580",513,"Siegen",2001,417165,0.216285,2,4,2
"581",513,"Siegen",2002,417165,0.192539,2,3,2
"582",513,"Siegen",2003,417165,0.176384,2,3,2
"583",513,"Siegen",2004,417165,0.149649,2,3,2
"584",513,"Siegen",2005,417165,0.183064,2,3,2
"585",513,"Siegen",2006,417165,0.185961,2,3,2
"586",513,"Siegen",2007,417165,0.17164,2,3,2
"587",513,"Siegen",2008,417165,0.179136,2,3,2
"588",513,"Siegen",2009,417165,0.171232,1,2,1
"589",513,"Siegen",2010,417165,0.199658,2,3,2
"590",513,"Siegen",2011,417165,0.17479,1,2,1
"591",513,"Siegen",2012,417165,0.176252,1,2,1
"592",513,"Siegen",2013,417165,0.201993,1,2,1
"593",513,"Siegen",2014,417165,0.195844,1,2,1
"594",513,"Siegen",2015,417165,0.187803,2,3,2
"595",601,"Mittelhessen",1998,1040091,0.265343,2,4,2
"596",601,"Mittelhessen",1999,1040091,0.255359,2,4,2
"597",601,"Mittelhessen",2000,1040091,0.220393,2,4,2
"598",601,"Mittelhessen",2001,1040091,0.220842,2,4,2
"599",601,"Mittelhessen",2002,1040091,0.227201,2,4,2
"600",601,"Mittelhessen",2003,1040091,0.212233,2,4,2
"601",601,"Mittelhessen",2004,1040091,0.236152,2,4,2
"602",601,"Mittelhessen",2005,1040091,0.279487,2,4,2
"603",601,"Mittelhessen",2006,1040091,0.287768,2,4,2
"604",601,"Mittelhessen",2007,1040091,0.287038,2,4,2
"605",601,"Mittelhessen",2008,1040091,0.32836,3,5,2
"606",601,"Mittelhessen",2009,1040091,0.338686,3,5,2
"607",601,"Mittelhessen",2010,1040091,0.362248,3,5,2
"608",601,"Mittelhessen",2011,1040091,0.372436,3,5,2
"609",601,"Mittelhessen",2012,1040091,0.399592,3,5,2
"610",601,"Mittelhessen",2013,1040091,0.404051,3,5,2
"611",601,"Mittelhessen",2014,1040091,0.391568,3,5,2
"612",601,"Mittelhessen",2015,1040091,0.38619,3,5,2
"613",602,"Nordhessen",1998,872414,0.383672,3,6,2
"614",602,"Nordhessen",1999,872414,0.373687,3,6,2
"615",602,"Nordhessen",2000,872414,0.317996,3,5,2
"616",602,"Nordhessen",2001,872414,0.353186,3,6,2
"617",602,"Nordhessen",2002,872414,0.336783,3,6,2
"618",602,"Nordhessen",2003,872414,0.304851,3,5,2
"619",602,"Nordhessen",2004,872414,0.302488,3,5,2
"620",602,"Nordhessen",2005,872414,0.356169,3,6,2
"621",602,"Nordhessen",2006,872414,0.3594,3,5,2
"622",602,"Nordhessen",2007,872414,0.345499,3,5,2
"623",602,"Nordhessen",2008,872414,0.41503,3,6,2
"624",602,"Nordhessen",2009,872414,0.413685,3,6,2
"625",602,"Nordhessen",2010,872414,0.406461,3,5,2
"626",602,"Nordhessen",2011,872414,0.41746,3,5,2
"627",602,"Nordhessen",2012,872414,0.427178,3,5,2
"628",602,"Nordhessen",2013,872414,0.437386,3,5,2
"629",602,"Nordhessen",2014,872414,0.428788,3,5,2
"630",602,"Nordhessen",2015,872414,0.425985,3,5,2
"631",603,"Osthessen",1998,341298,0.288648,3,5,2
"632",603,"Osthessen",1999,341298,0.276538,2,4,2
"633",603,"Osthessen",2000,341298,0.232314,2,4,2
"634",603,"Osthessen",2001,341298,0.227526,2,4,2
"635",603,"Osthessen",2002,341298,0.2477,2,4,2
"636",603,"Osthessen",2003,341298,0.232005,2,4,2
"637",603,"Osthessen",2004,341298,0.221896,2,4,2
"638",603,"Osthessen",2005,341298,0.26246,2,4,2
"639",603,"Osthessen",2006,341298,0.241529,2,4,2
"640",603,"Osthessen",2007,341298,0.238227,2,3,2
"641",603,"Osthessen",2008,341298,0.32416,2,4,2
"642",603,"Osthessen",2009,341298,0.314131,2,4,2
"643",603,"Osthessen",2010,341298,0.303229,2,4,2
"644",603,"Osthessen",2011,341298,0.326476,2,4,2
"645",603,"Osthessen",2012,341298,0.327885,2,4,2
"646",603,"Osthessen",2013,341298,0.32392,2,4,2
"647",603,"Osthessen",2014,341298,0.315019,2,4,2
"648",603,"Osthessen",2015,341298,0.297147,2,4,2
"649",604,"Rhein-Main",1998,2844273,0.197138,2,3,2
"650",604,"Rhein-Main",1999,2844273,0.173645,2,3,2
"651",604,"Rhein-Main",2000,2844273,0.15228,2,3,2
"652",604,"Rhein-Main",2001,2844273,0.159382,2,3,2
"653",604,"Rhein-Main",2002,2844273,0.162524,2,3,2
"654",604,"Rhein-Main",2003,2844273,0.170633,2,3,2
"655",604,"Rhein-Main",2004,2844273,0.200616,2,4,2
"656",604,"Rhein-Main",2005,2844273,0.244318,2,4,2
"657",604,"Rhein-Main",2006,2844273,0.269999,2,4,2
"658",604,"Rhein-Main",2007,2844273,0.283784,2,4,2
"659",604,"Rhein-Main",2008,2844273,0.295154,2,4,2
"660",604,"Rhein-Main",2009,2844273,0.306558,2,4,2
"661",604,"Rhein-Main",2010,2844273,0.360234,3,5,2
"662",604,"Rhein-Main",2011,2844273,0.391367,3,5,2
"663",604,"Rhein-Main",2012,2844273,0.405629,3,5,2
"664",604,"Rhein-Main",2013,2844273,0.423946,3,5,2
"665",604,"Rhein-Main",2014,2844273,0.424753,3,5,2
"666",604,"Rhein-Main",2015,2844273,0.426404,3,5,2
"667",605,"Starkenburg",1998,1078096,0.181376,2,3,2
"668",605,"Starkenburg",1999,1078096,0.159273,2,3,2
"669",605,"Starkenburg",2000,1078096,0.120125,1,2,1
"670",605,"Starkenburg",2001,1078096,0.121295,1,2,1
"671",605,"Starkenburg",2002,1078096,0.132897,2,3,2
"672",605,"Starkenburg",2003,1078096,0.132882,1,2,1
"673",605,"Starkenburg",2004,1078096,0.165237,2,3,2
"674",605,"Starkenburg",2005,1078096,0.198076,2,3,2
"675",605,"Starkenburg",2006,1078096,0.235288,2,3,2
"676",605,"Starkenburg",2007,1078096,0.22964,2,3,2
"677",605,"Starkenburg",2008,1078096,0.251645,2,3,2
"678",605,"Starkenburg",2009,1078096,0.234378,2,3,2
"679",605,"Starkenburg",2010,1078096,0.285725,2,4,2
"680",605,"Starkenburg",2011,1078096,0.304524,2,4,2
"681",605,"Starkenburg",2012,1078096,0.348573,2,4,2
"682",605,"Starkenburg",2013,1078096,0.359045,2,4,2
"683",605,"Starkenburg",2014,1078096,0.346493,2,4,2
"684",605,"Starkenburg",2015,1078096,0.350986,2,4,2
"685",701,"Mittelrhein-Westerwald",1998,1250872,0.278034,3,5,2
"686",701,"Mittelrhein-Westerwald",1999,1250872,0.287462,3,5,2
"687",701,"Mittelrhein-Westerwald",2000,1250872,0.270193,3,5,2
"688",701,"Mittelrhein-Westerwald",2001,1250872,0.305345,3,5,2
"689",701,"Mittelrhein-Westerwald",2002,1250872,0.287388,3,5,2
"690",701,"Mittelrhein-Westerwald",2003,1250872,0.263959,2,4,2
"691",701,"Mittelrhein-Westerwald",2004,1250872,0.271548,3,5,2
"692",701,"Mittelrhein-Westerwald",2005,1250872,0.295289,3,5,2
"693",701,"Mittelrhein-Westerwald",2006,1250872,0.295823,2,4,2
"694",701,"Mittelrhein-Westerwald",2007,1250872,0.293386,2,4,2
"695",701,"Mittelrhein-Westerwald",2008,1250872,0.306704,2,4,2
"696",701,"Mittelrhein-Westerwald",2009,1250872,0.262622,2,4,2
"697",701,"Mittelrhein-Westerwald",2010,1250872,0.286509,2,4,2
"698",701,"Mittelrhein-Westerwald",2011,1250872,0.315452,2,4,2
"699",701,"Mittelrhein-Westerwald",2012,1250872,0.324632,2,4,2
"700",701,"Mittelrhein-Westerwald",2013,1250872,0.309314,2,4,2
"701",701,"Mittelrhein-Westerwald",2014,1250872,0.319862,2,4,2
"702",701,"Mittelrhein-Westerwald",2015,1250872,0.304048,2,4,2
"703",702,"Rheinhessen-Nahe",1998,865340,0.255099,2,4,2
"704",702,"Rheinhessen-Nahe",1999,865340,0.270736,2,4,2
"705",702,"Rheinhessen-Nahe",2000,865340,0.253363,3,5,2
"706",702,"Rheinhessen-Nahe",2001,865340,0.273441,3,5,2
"707",702,"Rheinhessen-Nahe",2002,865340,0.263433,2,4,2
"708",702,"Rheinhessen-Nahe",2003,865340,0.235839,2,4,2
"709",702,"Rheinhessen-Nahe",2004,865340,0.254512,3,5,2
"710",702,"Rheinhessen-Nahe",2005,865340,0.310437,3,5,2
"711",702,"Rheinhessen-Nahe",2006,865340,0.304066,2,4,2
"712",702,"Rheinhessen-Nahe",2007,865340,0.317674,3,5,2
"713",702,"Rheinhessen-Nahe",2008,865340,0.335382,3,5,2
"714",702,"Rheinhessen-Nahe",2009,865340,0.309489,2,4,2
"715",702,"Rheinhessen-Nahe",2010,865340,0.346477,2,4,2
"716",702,"Rheinhessen-Nahe",2011,865340,0.379565,3,5,2
"717",702,"Rheinhessen-Nahe",2012,865340,0.39145,3,5,2
"718",702,"Rheinhessen-Nahe",2013,865340,0.40196,3,5,2
"719",702,"Rheinhessen-Nahe",2014,865340,0.403848,3,5,2
"720",702,"Rheinhessen-Nahe",2015,865340,0.38901,3,5,2
"721",703,"Rheinpfalz",1998,883304,0.207441,2,3,2
"722",703,"Rheinpfalz",1999,883304,0.220898,2,4,2
"723",703,"Rheinpfalz",2000,883304,0.213646,2,4,2
"724",703,"Rheinpfalz",2001,883304,0.227107,2,4,2
"725",703,"Rheinpfalz",2002,883304,0.226157,2,4,2
"726",703,"Rheinpfalz",2003,883304,0.194227,2,4,2
"727",703,"Rheinpfalz",2004,883304,0.215845,2,4,2
"728",703,"Rheinpfalz",2005,883304,0.239316,2,4,2
"729",703,"Rheinpfalz",2006,883304,0.246034,2,4,2
"730",703,"Rheinpfalz",2007,883304,0.258511,2,4,2
"731",703,"Rheinpfalz",2008,883304,0.267401,2,4,2
"732",703,"Rheinpfalz",2009,883304,0.247893,2,3,2
"733",703,"Rheinpfalz",2010,883304,0.283824,2,3,2
"734",703,"Rheinpfalz",2011,883304,0.276982,2,4,2
"735",703,"Rheinpfalz",2012,883304,0.286592,2,4,2
"736",703,"Rheinpfalz",2013,883304,0.270288,2,3,2
"737",703,"Rheinpfalz",2014,883304,0.267521,2,3,2
"738",703,"Rheinpfalz",2015,883304,0.254321,2,3,2
"739",704,"Trier",1998,532715,0.388092,3,6,2
"740",704,"Trier",1999,532715,0.399684,3,6,2
"741",704,"Trier",2000,532715,0.37693,3,6,2
"742",704,"Trier",2001,532715,0.386711,3,6,2
"743",704,"Trier",2002,532715,0.361537,3,6,2
"744",704,"Trier",2003,532715,0.328901,3,6,2
"745",704,"Trier",2004,532715,0.313418,3,5,2
"746",704,"Trier",2005,532715,0.325059,3,5,2
"747",704,"Trier",2006,532715,0.333893,3,5,2
"748",704,"Trier",2007,532715,0.337657,3,5,2
"749",704,"Trier",2008,532715,0.376183,3,5,2
"750",704,"Trier",2009,532715,0.338508,3,5,2
"751",704,"Trier",2010,532715,0.375644,3,5,2
"752",704,"Trier",2011,532715,0.408053,3,5,2
"753",704,"Trier",2012,532715,0.404237,3,5,2
"754",704,"Trier",2013,532715,0.40691,3,5,2
"755",704,"Trier",2014,532715,0.401697,3,5,2
"756",704,"Trier",2015,532715,0.382605,3,5,2
"757",705,"Westpfalz",1998,520572,0.397331,3,6,2
"758",705,"Westpfalz",1999,520572,0.39798,3,6,2
"759",705,"Westpfalz",2000,520572,0.384625,3,6,2
"760",705,"Westpfalz",2001,520572,0.408988,3,6,2
"761",705,"Westpfalz",2002,520572,0.407134,3,6,2
"762",705,"Westpfalz",2003,520572,0.388841,3,6,2
"763",705,"Westpfalz",2004,520572,0.362788,3,6,2
"764",705,"Westpfalz",2005,520572,0.398602,3,6,2
"765",705,"Westpfalz",2006,520572,0.402318,3,6,2
"766",705,"Westpfalz",2007,520572,0.398795,3,6,2
"767",705,"Westpfalz",2008,520572,0.413189,3,6,2
"768",705,"Westpfalz",2009,520572,0.41047,3,6,2
"769",705,"Westpfalz",2010,520572,0.430135,3,5,2
"770",705,"Westpfalz",2011,520572,0.443743,3,6,2
"771",705,"Westpfalz",2012,520572,0.451085,3,6,2
"772",705,"Westpfalz",2013,520572,0.453058,3,6,2
"773",705,"Westpfalz",2014,520572,0.471314,3,6,2
"774",705,"Westpfalz",2015,520572,0.454611,3,6,2
"775",801,"Bodensee-Oberschwaben",1998,622269,0.161447,2,3,2
"776",801,"Bodensee-Oberschwaben",1999,622269,0.184343,2,3,2
"777",801,"Bodensee-Oberschwaben",2000,622269,0.183637,2,3,2
"778",801,"Bodensee-Oberschwaben",2001,622269,0.215606,2,4,2
"779",801,"Bodensee-Oberschwaben",2002,622269,0.198102,2,4,2
"780",801,"Bodensee-Oberschwaben",2003,622269,0.185722,2,3,2
"781",801,"Bodensee-Oberschwaben",2004,622269,0.189667,2,3,2
"782",801,"Bodensee-Oberschwaben",2005,622269,0.199019,2,3,2
"783",801,"Bodensee-Oberschwaben",2006,622269,0.202687,2,3,2
"784",801,"Bodensee-Oberschwaben",2007,622269,0.207244,2,3,2
"785",801,"Bodensee-Oberschwaben",2008,622269,0.227342,2,3,2
"786",801,"Bodensee-Oberschwaben",2009,622269,0.254868,2,4,2
"787",801,"Bodensee-Oberschwaben",2010,622269,0.253302,2,3,2
"788",801,"Bodensee-Oberschwaben",2011,622269,0.231427,2,3,2
"789",801,"Bodensee-Oberschwaben",2012,622269,0.221802,2,3,2
"790",801,"Bodensee-Oberschwaben",2013,622269,0.210344,2,3,2
"791",801,"Bodensee-Oberschwaben",2014,622269,0.226569,2,3,2
"792",801,"Bodensee-Oberschwaben",2015,622269,0.17296,1,2,1
"793",802,"Donau-Iller (BW)",1998,508759,0.066139,1,1,1
"794",802,"Donau-Iller (BW)",1999,508759,0.089009,1,1,1
"795",802,"Donau-Iller (BW)",2000,508759,0.088237,1,2,1
"796",802,"Donau-Iller (BW)",2001,508759,0.09391,1,2,1
"797",802,"Donau-Iller (BW)",2002,508759,0.099819,1,2,1
"798",802,"Donau-Iller (BW)",2003,508759,0.102431,1,2,1
"799",802,"Donau-Iller (BW)",2004,508759,0.106652,1,2,1
"800",802,"Donau-Iller (BW)",2005,508759,0.130647,1,2,1
"801",802,"Donau-Iller (BW)",2006,508759,0.10315,1,1,1
"802",802,"Donau-Iller (BW)",2007,508759,0.111326,1,1,1
"803",802,"Donau-Iller (BW)",2008,508759,0.114215,1,1,1
"804",802,"Donau-Iller (BW)",2009,508759,0.146911,1,2,1
"805",802,"Donau-Iller (BW)",2010,508759,0.1325,1,1,1
"806",802,"Donau-Iller (BW)",2011,508759,0.108352,1,1,1
"807",802,"Donau-Iller (BW)",2012,508759,0.112566,1,1,1
"808",802,"Donau-Iller (BW)",2013,508759,0.101868,1,1,1
"809",802,"Donau-Iller (BW)",2014,508759,0.124619,1,1,1
"810",802,"Donau-Iller (BW)",2015,508759,0.090184,1,1,1
"811",803,"Franken",1998,890931,0.072641,1,1,1
"812",803,"Franken",1999,890931,0.081899,1,1,1
"813",803,"Franken",2000,890931,0.095424,1,2,1
"814",803,"Franken",2001,890931,0.097353,1,2,1
"815",803,"Franken",2002,890931,0.097907,1,2,1
"816",803,"Franken",2003,890931,0.097329,1,1,1
"817",803,"Franken",2004,890931,0.097142,1,1,1
"818",803,"Franken",2005,890931,0.101899,1,1,1
"819",803,"Franken",2006,890931,0.092465,1,1,1
"820",803,"Franken",2007,890931,0.100123,1,1,1
"821",803,"Franken",2008,890931,0.102251,1,1,1
"822",803,"Franken",2009,890931,0.102417,1,1,1
"823",803,"Franken",2010,890931,0.078301,1,1,1
"824",803,"Franken",2011,890931,0.063168,1,1,1
"825",803,"Franken",2012,890931,0.061686,1,1,1
"826",803,"Franken",2013,890931,0.076077,1,1,1
"827",803,"Franken",2014,890931,0.089864,1,1,1
"828",803,"Franken",2015,890931,0.068687,1,1,1
"829",804,"Hochrhein-Bodensee",1998,674857,0.228986,2,4,2
"830",804,"Hochrhein-Bodensee",1999,674857,0.225965,2,4,2
"831",804,"Hochrhein-Bodensee",2000,674857,0.205575,2,4,2
"832",804,"Hochrhein-Bodensee",2001,674857,0.215363,2,4,2
"833",804,"Hochrhein-Bodensee",2002,674857,0.204899,2,4,2
"834",804,"Hochrhein-Bodensee",2003,674857,0.200516,2,4,2
"835",804,"Hochrhein-Bodensee",2004,674857,0.196837,2,4,2
"836",804,"Hochrhein-Bodensee",2005,674857,0.2217,2,4,2
"837",804,"Hochrhein-Bodensee",2006,674857,0.237451,2,4,2
"838",804,"Hochrhein-Bodensee",2007,674857,0.244836,2,4,2
"839",804,"Hochrhein-Bodensee",2008,674857,0.268487,2,4,2
"840",804,"Hochrhein-Bodensee",2009,674857,0.297148,2,4,2
"841",804,"Hochrhein-Bodensee",2010,674857,0.303471,2,4,2
"842",804,"Hochrhein-Bodensee",2011,674857,0.275597,2,3,2
"843",804,"Hochrhein-Bodensee",2012,674857,0.269725,2,3,2
"844",804,"Hochrhein-Bodensee",2013,674857,0.285049,2,4,2
"845",804,"Hochrhein-Bodensee",2014,674857,0.283816,2,4,2
"846",804,"Hochrhein-Bodensee",2015,674857,0.261256,2,4,2
"847",805,"Mittlerer Oberrhein",1998,1025230,0.119292,1,2,1
"848",805,"Mittlerer Oberrhein",1999,1025230,0.128553,1,2,1
"849",805,"Mittlerer Oberrhein",2000,1025230,0.102487,1,2,1
"850",805,"Mittlerer Oberrhein",2001,1025230,0.123729,1,2,1
"851",805,"Mittlerer Oberrhein",2002,1025230,0.112677,1,2,1
"852",805,"Mittlerer Oberrhein",2003,1025230,0.111035,1,2,1
"853",805,"Mittlerer Oberrhein",2004,1025230,0.114638,1,2,1
"854",805,"Mittlerer Oberrhein",2005,1025230,0.144152,1,2,1
"855",805,"Mittlerer Oberrhein",2006,1025230,0.157204,1,2,1
"856",805,"Mittlerer Oberrhein",2007,1025230,0.1829,2,3,2
"857",805,"Mittlerer Oberrhein",2008,1025230,0.196463,2,3,2
"858",805,"Mittlerer Oberrhein",2009,1025230,0.213801,2,3,2
"859",805,"Mittlerer Oberrhein",2010,1025230,0.226519,2,3,2
"860",805,"Mittlerer Oberrhein",2011,1025230,0.216541,2,3,2
"861",805,"Mittlerer Oberrhein",2012,1025230,0.227412,2,3,2
"862",805,"Mittlerer Oberrhein",2013,1025230,0.243014,2,3,2
"863",805,"Mittlerer Oberrhein",2014,1025230,0.240572,2,3,2
"864",805,"Mittlerer Oberrhein",2015,1025230,0.253402,2,3,2
"865",806,"Neckar-Alb",1998,692545,0.116309,1,2,1
"866",806,"Neckar-Alb",1999,692545,0.123514,1,2,1
"867",806,"Neckar-Alb",2000,692545,0.11354,1,2,1
"868",806,"Neckar-Alb",2001,692545,0.121319,1,2,1
"869",806,"Neckar-Alb",2002,692545,0.113113,1,2,1
"870",806,"Neckar-Alb",2003,692545,0.115186,1,2,1
"871",806,"Neckar-Alb",2004,692545,0.121447,1,2,1
"872",806,"Neckar-Alb",2005,692545,0.141103,1,2,1
"873",806,"Neckar-Alb",2006,692545,0.153681,1,2,1
"874",806,"Neckar-Alb",2007,692545,0.166309,1,2,1
"875",806,"Neckar-Alb",2008,692545,0.1912,2,3,2
"876",806,"Neckar-Alb",2009,692545,0.233442,2,3,2
"877",806,"Neckar-Alb",2010,692545,0.255195,2,3,2
"878",806,"Neckar-Alb",2011,692545,0.227207,2,3,2
"879",806,"Neckar-Alb",2012,692545,0.237098,2,3,2
"880",806,"Neckar-Alb",2013,692545,0.224107,2,3,2
"881",806,"Neckar-Alb",2014,692545,0.241288,2,3,2
"882",806,"Neckar-Alb",2015,692545,0.245825,2,3,2
"883",807,"Nordschwarzwald",1998,589905,0.065097,1,1,1
"884",807,"Nordschwarzwald",1999,589905,0.072757,1,1,1
"885",807,"Nordschwarzwald",2000,589905,0.050976,1,1,1
"886",807,"Nordschwarzwald",2001,589905,0.053845,1,1,1
"887",807,"Nordschwarzwald",2002,589905,0.042563,1,1,1
"888",807,"Nordschwarzwald",2003,589905,0.048203,1,1,1
"889",807,"Nordschwarzwald",2004,589905,0.048787,1,1,1
"890",807,"Nordschwarzwald",2005,589905,0.052737,1,1,1
"891",807,"Nordschwarzwald",2006,589905,0.080992,1,1,1
"892",807,"Nordschwarzwald",2007,589905,0.087901,1,1,1
"893",807,"Nordschwarzwald",2008,589905,0.077486,1,1,1
"894",807,"Nordschwarzwald",2009,589905,0.132902,1,2,1
"895",807,"Nordschwarzwald",2010,589905,0.124256,1,1,1
"896",807,"Nordschwarzwald",2011,589905,0.102483,1,1,1
"897",807,"Nordschwarzwald",2012,589905,0.101471,1,1,1
"898",807,"Nordschwarzwald",2013,589905,0.110392,1,1,1
"899",807,"Nordschwarzwald",2014,589905,0.132557,1,1,1
"900",807,"Nordschwarzwald",2015,589905,0.137257,1,2,1
"901",808,"Ostwürttemberg",1998,443177,0.118709,1,2,1
"902",808,"Ostwürttemberg",1999,443177,0.113876,1,2,1
"903",808,"Ostwürttemberg",2000,443177,0.122985,1,2,1
"904",808,"Ostwürttemberg",2001,443177,0.1327,1,2,1
"905",808,"Ostwürttemberg",2002,443177,0.123854,1,2,1
"906",808,"Ostwürttemberg",2003,443177,0.127977,1,2,1
"907",808,"Ostwürttemberg",2004,443177,0.121546,1,2,1
"908",808,"Ostwürttemberg",2005,443177,0.141641,1,2,1
"909",808,"Ostwürttemberg",2006,443177,0.150165,1,2,1
"910",808,"Ostwürttemberg",2007,443177,0.142439,1,2,1
"911",808,"Ostwürttemberg",2008,443177,0.136483,1,2,1
"912",808,"Ostwürttemberg",2009,443177,0.179267,1,2,1
"913",808,"Ostwürttemberg",2010,443177,0.167992,1,2,1
"914",808,"Ostwürttemberg",2011,443177,0.152675,1,2,1
"915",808,"Ostwürttemberg",2012,443177,0.162178,1,2,1
"916",808,"Ostwürttemberg",2013,443177,0.157298,1,2,1
"917",808,"Ostwürttemberg",2014,443177,0.163683,1,2,1
"918",808,"Ostwürttemberg",2015,443177,0.155825,1,2,1
"919",809,"Schwarzwald-Baar-Heuberg",1998,483754,0,1,1,1
"920",809,"Schwarzwald-Baar-Heuberg",1999,483754,0,1,1,1
"921",809,"Schwarzwald-Baar-Heuberg",2000,483754,0,1,1,1
"922",809,"Schwarzwald-Baar-Heuberg",2001,483754,0,1,1,1
"923",809,"Schwarzwald-Baar-Heuberg",2002,483754,0,1,1,1
"924",809,"Schwarzwald-Baar-Heuberg",2003,483754,0,1,1,1
"925",809,"Schwarzwald-Baar-Heuberg",2004,483754,0,1,1,1
"926",809,"Schwarzwald-Baar-Heuberg",2005,483754,0,1,1,1
"927",809,"Schwarzwald-Baar-Heuberg",2006,483754,0,1,1,1
"928",809,"Schwarzwald-Baar-Heuberg",2007,483754,0,1,1,1
"929",809,"Schwarzwald-Baar-Heuberg",2008,483754,0,1,1,1
"930",809,"Schwarzwald-Baar-Heuberg",2009,483754,0.043071,1,1,1
"931",809,"Schwarzwald-Baar-Heuberg",2010,483754,0.022611,1,1,1
"932",809,"Schwarzwald-Baar-Heuberg",2011,483754,0,1,1,1
"933",809,"Schwarzwald-Baar-Heuberg",2012,483754,0,1,1,1
"934",809,"Schwarzwald-Baar-Heuberg",2013,483754,0.005065,1,1,1
"935",809,"Schwarzwald-Baar-Heuberg",2014,483754,0,1,1,1
"936",809,"Schwarzwald-Baar-Heuberg",2015,483754,0.014413,1,1,1
"937",810,"Stuttgart",1998,2735425,0.019028,1,1,1
"938",810,"Stuttgart",1999,2735425,0.033662,1,1,1
"939",810,"Stuttgart",2000,2735425,0.024551,1,1,1
"940",810,"Stuttgart",2001,2735425,0.018788,1,1,1
"941",810,"Stuttgart",2002,2735425,0.018603,1,1,1
"942",810,"Stuttgart",2003,2735425,0.025771,1,1,1
"943",810,"Stuttgart",2004,2735425,0.040507,1,1,1
"944",810,"Stuttgart",2005,2735425,0.070132,1,1,1
"945",810,"Stuttgart",2006,2735425,0.082657,1,1,1
"946",810,"Stuttgart",2007,2735425,0.118621,1,2,1
"947",810,"Stuttgart",2008,2735425,0.13814,1,2,1
"948",810,"Stuttgart",2009,2735425,0.193805,2,3,2
"949",810,"Stuttgart",2010,2735425,0.211224,2,3,2
"950",810,"Stuttgart",2011,2735425,0.212748,2,3,2
"951",810,"Stuttgart",2012,2735425,0.222552,2,3,2
"952",810,"Stuttgart",2013,2735425,0.222951,2,3,2
"953",810,"Stuttgart",2014,2735425,0.234624,2,3,2
"954",810,"Stuttgart",2015,2735425,0.23304,2,3,2
"955",811,"Südlicher Oberrhein",1998,1065924,0.213113,2,4,2
"956",811,"Südlicher Oberrhein",1999,1065924,0.208573,2,3,2
"957",811,"Südlicher Oberrhein",2000,1065924,0.199476,2,3,2
"958",811,"Südlicher Oberrhein",2001,1065924,0.200514,2,3,2
"959",811,"Südlicher Oberrhein",2002,1065924,0.195633,2,3,2
"960",811,"Südlicher Oberrhein",2003,1065924,0.189574,2,3,2
"961",811,"Südlicher Oberrhein",2004,1065924,0.193178,2,3,2
"962",811,"Südlicher Oberrhein",2005,1065924,0.209867,2,3,2
"963",811,"Südlicher Oberrhein",2006,1065924,0.228564,2,3,2
"964",811,"Südlicher Oberrhein",2007,1065924,0.24753,2,4,2
"965",811,"Südlicher Oberrhein",2008,1065924,0.268814,2,4,2
"966",811,"Südlicher Oberrhein",2009,1065924,0.290264,2,4,2
"967",811,"Südlicher Oberrhein",2010,1065924,0.295732,2,4,2
"968",811,"Südlicher Oberrhein",2011,1065924,0.275745,2,4,2
"969",811,"Südlicher Oberrhein",2012,1065924,0.278842,2,4,2
"970",811,"Südlicher Oberrhein",2013,1065924,0.275141,2,4,2
"971",811,"Südlicher Oberrhein",2014,1065924,0.293962,2,4,2
"972",811,"Südlicher Oberrhein",2015,1065924,0.29715,2,4,2
"973",812,"Unterer Neckar",1998,1146842,0.263853,2,4,2
"974",812,"Unterer Neckar",1999,1146842,0.278944,3,5,2
"975",812,"Unterer Neckar",2000,1146842,0.268761,3,5,2
"976",812,"Unterer Neckar",2001,1146842,0.28461,3,5,2
"977",812,"Unterer Neckar",2002,1146842,0.286532,3,5,2
"978",812,"Unterer Neckar",2003,1146842,0.287827,3,5,2
"979",812,"Unterer Neckar",2004,1146842,0.290889,3,5,2
"980",812,"Unterer Neckar",2005,1146842,0.32627,3,5,2
"981",812,"Unterer Neckar",2006,1146842,0.360058,3,5,2
"982",812,"Unterer Neckar",2007,1146842,0.357536,3,5,2
"983",812,"Unterer Neckar",2008,1146842,0.383718,3,5,2
"984",812,"Unterer Neckar",2009,1146842,0.440502,3,6,2
"985",812,"Unterer Neckar",2010,1146842,0.450438,3,6,2
"986",812,"Unterer Neckar",2011,1146842,0.416992,3,5,2
"987",812,"Unterer Neckar",2012,1146842,0.443333,3,6,2
"988",812,"Unterer Neckar",2013,1146842,0.450282,3,5,2
"989",812,"Unterer Neckar",2014,1146842,0.453946,3,6,2
"990",812,"Unterer Neckar",2015,1146842,0.466141,3,6,2
"991",901,"Allgäu",1998,480488,0.143435,2,3,2
"992",901,"Allgäu",1999,480488,0.152057,2,3,2
"993",901,"Allgäu",2000,480488,0.146804,2,3,2
"994",901,"Allgäu",2001,480488,0.165253,2,3,2
"995",901,"Allgäu",2002,480488,0.154348,2,3,2
"996",901,"Allgäu",2003,480488,0.149421,2,3,2
"997",901,"Allgäu",2004,480488,0.151252,2,3,2
"998",901,"Allgäu",2005,480488,0.143418,1,2,1
"999",901,"Allgäu",2006,480488,0.151213,1,2,1
"1000",901,"Allgäu",2007,480488,0.153773,1,2,1
"1001",901,"Allgäu",2008,480488,0.168427,1,2,1
"1002",901,"Allgäu",2009,480488,0.178383,1,2,1
"1003",901,"Allgäu",2010,480488,0.179266,1,2,1
"1004",901,"Allgäu",2011,480488,0.194633,1,2,1
"1005",901,"Allgäu",2012,480488,0.182703,1,2,1
"1006",901,"Allgäu",2013,480488,0.180138,1,2,1
"1007",901,"Allgäu",2014,480488,0.181745,1,2,1
"1008",901,"Allgäu",2015,480488,0.173541,1,2,1
"1009",902,"Augsburg",1998,888810,0.099716,1,2,1
"1010",902,"Augsburg",1999,888810,0.114576,1,2,1
"1011",902,"Augsburg",2000,888810,0.068944,1,1,1
"1012",902,"Augsburg",2001,888810,0.076944,1,1,1
"1013",902,"Augsburg",2002,888810,0.082668,1,1,1
"1014",902,"Augsburg",2003,888810,0.098181,1,2,1
"1015",902,"Augsburg",2004,888810,0.111925,1,2,1
"1016",902,"Augsburg",2005,888810,0.140784,1,2,1
"1017",902,"Augsburg",2006,888810,0.144778,1,2,1
"1018",902,"Augsburg",2007,888810,0.13262,1,2,1
"1019",902,"Augsburg",2008,888810,0.152563,1,2,1
"1020",902,"Augsburg",2009,888810,0.122648,1,1,1
"1021",902,"Augsburg",2010,888810,0.145533,1,2,1
"1022",902,"Augsburg",2011,888810,0.17879,1,2,1
"1023",902,"Augsburg",2012,888810,0.174054,1,2,1
"1024",902,"Augsburg",2013,888810,0.165887,1,2,1
"1025",902,"Augsburg",2014,888810,0.184013,1,2,1
"1026",902,"Augsburg",2015,888810,0.168653,1,2,1
"1027",903,"Bayerischer Untermain",1998,371127,0.083082,1,2,1
"1028",903,"Bayerischer Untermain",1999,371127,0.093649,1,2,1
"1029",903,"Bayerischer Untermain",2000,371127,0.054287,1,1,1
"1030",903,"Bayerischer Untermain",2001,371127,0.05143,1,1,1
"1031",903,"Bayerischer Untermain",2002,371127,0.065974,1,1,1
"1032",903,"Bayerischer Untermain",2003,371127,0.070927,1,1,1
"1033",903,"Bayerischer Untermain",2004,371127,0.077301,1,1,1
"1034",903,"Bayerischer Untermain",2005,371127,0.096136,1,1,1
"1035",903,"Bayerischer Untermain",2006,371127,0.102931,1,1,1
"1036",903,"Bayerischer Untermain",2007,371127,0.109272,1,1,1
"1037",903,"Bayerischer Untermain",2008,371127,0.114395,1,1,1
"1038",903,"Bayerischer Untermain",2009,371127,0.104134,1,1,1
"1039",903,"Bayerischer Untermain",2010,371127,0.11441,1,1,1
"1040",903,"Bayerischer Untermain",2011,371127,0.122656,1,1,1
"1041",903,"Bayerischer Untermain",2012,371127,0.107638,1,1,1
"1042",903,"Bayerischer Untermain",2013,371127,0.13861,1,1,1
"1043",903,"Bayerischer Untermain",2014,371127,0.141528,1,1,1
"1044",903,"Bayerischer Untermain",2015,371127,0.115376,1,1,1
"1045",904,"Donau-Iller (BY)",1998,476722,0.007881,1,1,1
"1046",904,"Donau-Iller (BY)",1999,476722,0.042679,1,1,1
"1047",904,"Donau-Iller (BY)",2000,476722,0.026198,1,1,1
"1048",904,"Donau-Iller (BY)",2001,476722,0.033661,1,1,1
"1049",904,"Donau-Iller (BY)",2002,476722,0.027959,1,1,1
"1050",904,"Donau-Iller (BY)",2003,476722,0.037447,1,1,1
"1051",904,"Donau-Iller (BY)",2004,476722,0.036914,1,1,1
"1052",904,"Donau-Iller (BY)",2005,476722,0.021937,1,1,1
"1053",904,"Donau-Iller (BY)",2006,476722,0.028912,1,1,1
"1054",904,"Donau-Iller (BY)",2007,476722,0.028985,1,1,1
"1055",904,"Donau-Iller (BY)",2008,476722,0.03367,1,1,1
"1056",904,"Donau-Iller (BY)",2009,476722,0,1,1,1
"1057",904,"Donau-Iller (BY)",2010,476722,0,1,1,1
"1058",904,"Donau-Iller (BY)",2011,476722,0.016542,1,1,1
"1059",904,"Donau-Iller (BY)",2012,476722,0.008083,1,1,1
"1060",904,"Donau-Iller (BY)",2013,476722,0,1,1,1
"1061",904,"Donau-Iller (BY)",2014,476722,0.01486,1,1,1
"1062",904,"Donau-Iller (BY)",2015,476722,0,1,1,1
"1063",905,"Donau-Wald",1998,656044,0.228213,2,4,2
"1064",905,"Donau-Wald",1999,656044,0.227096,2,4,2
"1065",905,"Donau-Wald",2000,656044,0.203339,2,4,2
"1066",905,"Donau-Wald",2001,656044,0.215111,2,3,2
"1067",905,"Donau-Wald",2002,656044,0.190548,2,3,2
"1068",905,"Donau-Wald",2003,656044,0.199582,2,4,2
"1069",905,"Donau-Wald",2004,656044,0.192652,2,3,2
"1070",905,"Donau-Wald",2005,656044,0.219711,2,3,2
"1071",905,"Donau-Wald",2006,656044,0.207027,2,3,2
"1072",905,"Donau-Wald",2007,656044,0.206645,2,3,2
"1073",905,"Donau-Wald",2008,656044,0.222021,2,3,2
"1074",905,"Donau-Wald",2009,656044,0.228833,2,3,2
"1075",905,"Donau-Wald",2010,656044,0.222887,2,3,2
"1076",905,"Donau-Wald",2011,656044,0.234801,2,3,2
"1077",905,"Donau-Wald",2012,656044,0.21869,2,3,2
"1078",905,"Donau-Wald",2013,656044,0.218653,2,3,2
"1079",905,"Donau-Wald",2014,656044,0.222726,2,3,2
"1080",905,"Donau-Wald",2015,656044,0.206473,2,3,2
"1081",906,"Industrieregion Mittelfranken",1998,1324120,0.107672,1,2,1
"1082",906,"Industrieregion Mittelfranken",1999,1324120,0.114487,1,2,1
"1083",906,"Industrieregion Mittelfranken",2000,1324120,0.080579,1,2,1
"1084",906,"Industrieregion Mittelfranken",2001,1324120,0.079377,1,2,1
"1085",906,"Industrieregion Mittelfranken",2002,1324120,0.097658,1,2,1
"1086",906,"Industrieregion Mittelfranken",2003,1324120,0.108477,1,2,1
"1087",906,"Industrieregion Mittelfranken",2004,1324120,0.128006,1,2,1
"1088",906,"Industrieregion Mittelfranken",2005,1324120,0.163211,2,3,2
"1089",906,"Industrieregion Mittelfranken",2006,1324120,0.175727,2,3,2
"1090",906,"Industrieregion Mittelfranken",2007,1324120,0.168304,1,2,1
"1091",906,"Industrieregion Mittelfranken",2008,1324120,0.170596,1,2,1
"1092",906,"Industrieregion Mittelfranken",2009,1324120,0.178254,1,2,1
"1093",906,"Industrieregion Mittelfranken",2010,1324120,0.194691,1,2,1
"1094",906,"Industrieregion Mittelfranken",2011,1324120,0.218296,2,3,2
"1095",906,"Industrieregion Mittelfranken",2012,1324120,0.206805,2,3,2
"1096",906,"Industrieregion Mittelfranken",2013,1324120,0.237408,2,3,2
"1097",906,"Industrieregion Mittelfranken",2014,1324120,0.224386,2,3,2
"1098",906,"Industrieregion Mittelfranken",2015,1324120,0.225668,2,3,2
"1099",907,"Ingolstadt",1998,480025,0.055239,1,1,1
"1100",907,"Ingolstadt",1999,480025,0.080764,1,1,1
"1101",907,"Ingolstadt",2000,480025,0.104785,1,2,1
"1102",907,"Ingolstadt",2001,480025,0.113807,1,2,1
"1103",907,"Ingolstadt",2002,480025,0.111357,1,2,1
"1104",907,"Ingolstadt",2003,480025,0.112805,1,2,1
"1105",907,"Ingolstadt",2004,480025,0.103896,1,1,1
"1106",907,"Ingolstadt",2005,480025,0.107385,1,1,1
"1107",907,"Ingolstadt",2006,480025,0.106358,1,2,1
"1108",907,"Ingolstadt",2007,480025,0.105867,1,1,1
"1109",907,"Ingolstadt",2008,480025,0.129566,1,1,1
"1110",907,"Ingolstadt",2009,480025,0.104327,1,1,1
"1111",907,"Ingolstadt",2010,480025,0.098289,1,1,1
"1112",907,"Ingolstadt",2011,480025,0.119362,1,1,1
"1113",907,"Ingolstadt",2012,480025,0.103026,1,1,1
"1114",907,"Ingolstadt",2013,480025,0.070755,1,1,1
"1115",907,"Ingolstadt",2014,480025,0.087918,1,1,1
"1116",907,"Ingolstadt",2015,480025,0.077648,1,1,1
"1117",908,"Landshut",1998,437110,0.07191,1,1,1
"1118",908,"Landshut",1999,437110,0.064668,1,1,1
"1119",908,"Landshut",2000,437110,0.064628,1,1,1
"1120",908,"Landshut",2001,437110,0.064432,1,1,1
"1121",908,"Landshut",2002,437110,0.04468,1,1,1
"1122",908,"Landshut",2003,437110,0.013132,1,1,1
"1123",908,"Landshut",2004,437110,0.006342,1,1,1
"1124",908,"Landshut",2005,437110,0.010968,1,1,1
"1125",908,"Landshut",2006,437110,0.030017,1,1,1
"1126",908,"Landshut",2007,437110,0.031185,1,1,1
"1127",908,"Landshut",2008,437110,0.056821,1,1,1
"1128",908,"Landshut",2009,437110,0.032251,1,1,1
"1129",908,"Landshut",2010,437110,0.043014,1,1,1
"1130",908,"Landshut",2011,437110,0.044471,1,1,1
"1131",908,"Landshut",2012,437110,0.046888,1,1,1
"1132",908,"Landshut",2013,437110,0.023968,1,1,1
"1133",908,"Landshut",2014,437110,0.007813,1,1,1
"1134",908,"Landshut",2015,437110,0.013604,1,1,1
"1135",909,"Main-Rhön",1998,434192,0.188295,2,3,2
"1136",909,"Main-Rhön",1999,434192,0.197807,2,3,2
"1137",909,"Main-Rhön",2000,434192,0.180443,2,3,2
"1138",909,"Main-Rhön",2001,434192,0.195202,2,3,2
"1139",909,"Main-Rhön",2002,434192,0.177146,2,3,2
"1140",909,"Main-Rhön",2003,434192,0.156053,2,3,2
"1141",909,"Main-Rhön",2004,434192,0.169713,2,3,2
"1142",909,"Main-Rhön",2005,434192,0.19367,2,3,2
"1143",909,"Main-Rhön",2006,434192,0.191704,2,3,2
"1144",909,"Main-Rhön",2007,434192,0.169972,2,3,2
"1145",909,"Main-Rhön",2008,434192,0.190716,2,3,2
"1146",909,"Main-Rhön",2009,434192,0.197307,2,3,2
"1147",909,"Main-Rhön",2010,434192,0.194864,1,2,1
"1148",909,"Main-Rhön",2011,434192,0.203051,1,2,1
"1149",909,"Main-Rhön",2012,434192,0.16406,1,2,1
"1150",909,"Main-Rhön",2013,434192,0.185038,1,2,1
"1151",909,"Main-Rhön",2014,434192,0.171201,1,2,1
"1152",909,"Main-Rhön",2015,434192,0.169198,1,2,1
"1153",910,"München",1998,2848906,0.024256,1,1,1
"1154",910,"München",1999,2848906,0.058608,1,1,1
"1155",910,"München",2000,2848906,0.050879,1,1,1
"1156",910,"München",2001,2848906,0.03071,1,1,1
"1157",910,"München",2002,2848906,0.065223,1,1,1
"1158",910,"München",2003,2848906,0.084207,1,1,1
"1159",910,"München",2004,2848906,0.105082,1,2,1
"1160",910,"München",2005,2848906,0.137328,1,2,1
"1161",910,"München",2006,2848906,0.170794,2,3,2
"1162",910,"München",2007,2848906,0.182536,2,3,2
"1163",910,"München",2008,2848906,0.156605,1,2,1
"1164",910,"München",2009,2848906,0.175626,1,2,1
"1165",910,"München",2010,2848906,0.222684,2,3,2
"1166",910,"München",2011,2848906,0.257195,2,3,2
"1167",910,"München",2012,2848906,0.223223,2,3,2
"1168",910,"München",2013,2848906,0.251369,2,3,2
"1169",910,"München",2014,2848906,0.249,2,3,2
"1170",910,"München",2015,2848906,0.259293,2,3,2
"1171",911,"Oberfranken-Ost",1998,463196,0.272479,2,4,2
"1172",911,"Oberfranken-Ost",1999,463196,0.270885,2,4,2
"1173",911,"Oberfranken-Ost",2000,463196,0.235539,2,4,2
"1174",911,"Oberfranken-Ost",2001,463196,0.24376,2,4,2
"1175",911,"Oberfranken-Ost",2002,463196,0.245648,2,4,2
"1176",911,"Oberfranken-Ost",2003,463196,0.26833,3,5,2
"1177",911,"Oberfranken-Ost",2004,463196,0.248371,2,4,2
"1178",911,"Oberfranken-Ost",2005,463196,0.283083,2,4,2
"1179",911,"Oberfranken-Ost",2006,463196,0.287451,2,4,2
"1180",911,"Oberfranken-Ost",2007,463196,0.269655,2,4,2
"1181",911,"Oberfranken-Ost",2008,463196,0.306943,2,4,2
"1182",911,"Oberfranken-Ost",2009,463196,0.291968,2,4,2
"1183",911,"Oberfranken-Ost",2010,463196,0.299408,2,4,2
"1184",911,"Oberfranken-Ost",2011,463196,0.304777,2,4,2
"1185",911,"Oberfranken-Ost",2012,463196,0.278427,2,4,2
"1186",911,"Oberfranken-Ost",2013,463196,0.291748,2,4,2
"1187",911,"Oberfranken-Ost",2014,463196,0.295735,2,4,2
"1188",911,"Oberfranken-Ost",2015,463196,0.271333,2,4,2
"1189",912,"Oberfranken-West",1998,596162,0.127076,1,2,1
"1190",912,"Oberfranken-West",1999,596162,0.12794,1,2,1
"1191",912,"Oberfranken-West",2000,596162,0.12524,1,2,1
"1192",912,"Oberfranken-West",2001,596162,0.134563,2,3,2
"1193",912,"Oberfranken-West",2002,596162,0.127769,1,2,1
"1194",912,"Oberfranken-West",2003,596162,0.137408,2,3,2
"1195",912,"Oberfranken-West",2004,596162,0.140781,2,3,2
"1196",912,"Oberfranken-West",2005,596162,0.146821,2,3,2
"1197",912,"Oberfranken-West",2006,596162,0.147638,1,2,1
"1198",912,"Oberfranken-West",2007,596162,0.133683,1,2,1
"1199",912,"Oberfranken-West",2008,596162,0.154892,1,2,1
"1200",912,"Oberfranken-West",2009,596162,0.144829,1,2,1
"1201",912,"Oberfranken-West",2010,596162,0.143912,1,2,1
"1202",912,"Oberfranken-West",2011,596162,0.153217,1,2,1
"1203",912,"Oberfranken-West",2012,596162,0.14171,1,2,1
"1204",912,"Oberfranken-West",2013,596162,0.14163,1,2,1
"1205",912,"Oberfranken-West",2014,596162,0.145859,1,2,1
"1206",912,"Oberfranken-West",2015,596162,0.124024,1,2,1
"1207",913,"Oberland",1998,443507,0.134859,1,2,1
"1208",913,"Oberland",1999,443507,0.139892,1,2,1
"1209",913,"Oberland",2000,443507,0.1233,1,2,1
"1210",913,"Oberland",2001,443507,0.11934,1,2,1
"1211",913,"Oberland",2002,443507,0.112317,1,2,1
"1212",913,"Oberland",2003,443507,0.118562,1,2,1
"1213",913,"Oberland",2004,443507,0.105539,1,2,1
"1214",913,"Oberland",2005,443507,0.123344,1,2,1
"1215",913,"Oberland",2006,443507,0.146862,1,2,1
"1216",913,"Oberland",2007,443507,0.140239,1,2,1
"1217",913,"Oberland",2008,443507,0.138552,1,2,1
"1218",913,"Oberland",2009,443507,0.128154,1,1,1
"1219",913,"Oberland",2010,443507,0.140838,1,2,1
"1220",913,"Oberland",2011,443507,0.133331,1,2,1
"1221",913,"Oberland",2012,443507,0.118057,1,2,1
"1222",913,"Oberland",2013,443507,0.145797,1,2,1
"1223",913,"Oberland",2014,443507,0.145259,1,2,1
"1224",913,"Oberland",2015,443507,0.121928,1,1,1
"1225",914,"Oberpfalz-Nord",1998,500740,0.175271,2,3,2
"1226",914,"Oberpfalz-Nord",1999,500740,0.170595,2,3,2
"1227",914,"Oberpfalz-Nord",2000,500740,0.159204,2,3,2
"1228",914,"Oberpfalz-Nord",2001,500740,0.164015,2,3,2
"1229",914,"Oberpfalz-Nord",2002,500740,0.158138,2,3,2
"1230",914,"Oberpfalz-Nord",2003,500740,0.15255,2,3,2
"1231",914,"Oberpfalz-Nord",2004,500740,0.165302,2,3,2
"1232",914,"Oberpfalz-Nord",2005,500740,0.191979,2,3,2
"1233",914,"Oberpfalz-Nord",2006,500740,0.17818,2,3,2
"1234",914,"Oberpfalz-Nord",2007,500740,0.174909,2,3,2
"1235",914,"Oberpfalz-Nord",2008,500740,0.19133,2,3,2
"1236",914,"Oberpfalz-Nord",2009,500740,0.188294,2,3,2
"1237",914,"Oberpfalz-Nord",2010,500740,0.185175,1,2,1
"1238",914,"Oberpfalz-Nord",2011,500740,0.180824,1,2,1
"1239",914,"Oberpfalz-Nord",2012,500740,0.178928,1,2,1
"1240",914,"Oberpfalz-Nord",2013,500740,0.18136,1,2,1
"1241",914,"Oberpfalz-Nord",2014,500740,0.183349,1,2,1
"1242",914,"Oberpfalz-Nord",2015,500740,0.159377,1,2,1
"1243",915,"Regensburg",1998,710564,0.152411,2,3,2
"1244",915,"Regensburg",1999,710564,0.162036,2,3,2
"1245",915,"Regensburg",2000,710564,0.175682,2,3,2
"1246",915,"Regensburg",2001,710564,0.149253,2,3,2
"1247",915,"Regensburg",2002,710564,0.152128,2,3,2
"1248",915,"Regensburg",2003,710564,0.149141,2,3,2
"1249",915,"Regensburg",2004,710564,0.123344,1,2,1
"1250",915,"Regensburg",2005,710564,0.132544,1,2,1
"1251",915,"Regensburg",2006,710564,0.134443,1,2,1
"1252",915,"Regensburg",2007,710564,0.126809,1,2,1
"1253",915,"Regensburg",2008,710564,0.160165,1,2,1
"1254",915,"Regensburg",2009,710564,0.139301,1,2,1
"1255",915,"Regensburg",2010,710564,0.143713,1,2,1
"1256",915,"Regensburg",2011,710564,0.163084,1,2,1
"1257",915,"Regensburg",2012,710564,0.151829,1,2,1
"1258",915,"Regensburg",2013,710564,0.15608,1,2,1
"1259",915,"Regensburg",2014,710564,0.15726,1,2,1
"1260",915,"Regensburg",2015,710564,0.132203,1,2,1
"1261",916,"Südostoberbayern",1998,816506,0.14171,1,2,1
"1262",916,"Südostoberbayern",1999,816506,0.135211,1,2,1
"1263",916,"Südostoberbayern",2000,816506,0.143505,2,3,2
"1264",916,"Südostoberbayern",2001,816506,0.1302,1,2,1
"1265",916,"Südostoberbayern",2002,816506,0.117889,1,2,1
"1266",916,"Südostoberbayern",2003,816506,0.126936,1,2,1
"1267",916,"Südostoberbayern",2004,816506,0.124938,1,2,1
"1268",916,"Südostoberbayern",2005,816506,0.140578,1,2,1
"1269",916,"Südostoberbayern",2006,816506,0.138016,1,2,1
"1270",916,"Südostoberbayern",2007,816506,0.127774,1,2,1
"1271",916,"Südostoberbayern",2008,816506,0.162849,1,2,1
"1272",916,"Südostoberbayern",2009,816506,0.149458,1,2,1
"1273",916,"Südostoberbayern",2010,816506,0.160605,1,2,1
"1274",916,"Südostoberbayern",2011,816506,0.165282,1,2,1
"1275",916,"Südostoberbayern",2012,816506,0.128478,1,2,1
"1276",916,"Südostoberbayern",2013,816506,0.144189,1,2,1
"1277",916,"Südostoberbayern",2014,816506,0.147536,1,2,1
"1278",916,"Südostoberbayern",2015,816506,0.146449,1,2,1
"1279",917,"Westmittelfranken",1998,414566,0.080674,1,2,1
"1280",917,"Westmittelfranken",1999,414566,0.106729,1,2,1
"1281",917,"Westmittelfranken",2000,414566,0.074038,1,1,1
"1282",917,"Westmittelfranken",2001,414566,0.0732,1,1,1
"1283",917,"Westmittelfranken",2002,414566,0.060123,1,1,1
"1284",917,"Westmittelfranken",2003,414566,0.065365,1,1,1
"1285",917,"Westmittelfranken",2004,414566,0.063801,1,1,1
"1286",917,"Westmittelfranken",2005,414566,0.088401,1,1,1
"1287",917,"Westmittelfranken",2006,414566,0.078645,1,1,1
"1288",917,"Westmittelfranken",2007,414566,0.071805,1,1,1
"1289",917,"Westmittelfranken",2008,414566,0.10366,1,1,1
"1290",917,"Westmittelfranken",2009,414566,0.07437,1,1,1
"1291",917,"Westmittelfranken",2010,414566,0.075408,1,1,1
"1292",917,"Westmittelfranken",2011,414566,0.096921,1,1,1
"1293",917,"Westmittelfranken",2012,414566,0.07191,1,1,1
"1294",917,"Westmittelfranken",2013,414566,0.07621,1,1,1
"1295",917,"Westmittelfranken",2014,414566,0.094408,1,1,1
"1296",917,"Westmittelfranken",2015,414566,0.066766,1,1,1
"1297",918,"Würzburg",1998,500729,0.173521,2,3,2
"1298",918,"Würzburg",1999,500729,0.207506,2,3,2
"1299",918,"Würzburg",2000,500729,0.204116,2,4,2
"1300",918,"Würzburg",2001,500729,0.19294,2,3,2
"1301",918,"Würzburg",2002,500729,0.180025,2,3,2
"1302",918,"Würzburg",2003,500729,0.176584,2,3,2
"1303",918,"Würzburg",2004,500729,0.191181,2,3,2
"1304",918,"Würzburg",2005,500729,0.189597,2,3,2
"1305",918,"Würzburg",2006,500729,0.197702,2,3,2
"1306",918,"Würzburg",2007,500729,0.207961,2,3,2
"1307",918,"Würzburg",2008,500729,0.242617,2,3,2
"1308",918,"Würzburg",2009,500729,0.237434,2,3,2
"1309",918,"Würzburg",2010,500729,0.244225,2,3,2
"1310",918,"Würzburg",2011,500729,0.246786,2,3,2
"1311",918,"Würzburg",2012,500729,0.227271,2,3,2
"1312",918,"Würzburg",2013,500729,0.237247,2,3,2
"1313",918,"Würzburg",2014,500729,0.234692,2,3,2
"1314",918,"Würzburg",2015,500729,0.206808,2,3,2
"1315",1001,"Saar",1998,995597,0.386368,3,6,2
"1316",1001,"Saar",1999,995597,0.394667,3,6,2
"1317",1001,"Saar",2000,995597,0.39854,3,6,2
"1318",1001,"Saar",2001,995597,0.412112,3,6,2
"1319",1001,"Saar",2002,995597,0.405429,3,6,2
"1320",1001,"Saar",2003,995597,0.383564,3,6,2
"1321",1001,"Saar",2004,995597,0.356024,3,6,2
"1322",1001,"Saar",2005,995597,0.393812,3,6,2
"1323",1001,"Saar",2006,995597,0.437811,3,6,2
"1324",1001,"Saar",2007,995597,0.446804,3,6,2
"1325",1001,"Saar",2008,995597,0.485937,3,6,2
"1326",1001,"Saar",2009,995597,0.492731,3,6,2
"1327",1001,"Saar",2010,995597,0.480049,3,6,2
"1328",1001,"Saar",2011,995597,0.485312,3,6,2
"1329",1001,"Saar",2012,995597,0.489281,3,6,2
"1330",1001,"Saar",2013,995597,0.50509,4,7,2
"1331",1001,"Saar",2014,995597,0.508343,4,7,2
"1332",1001,"Saar",2015,995597,0.527722,4,7,2
"1333",1101,"Berlin",1998,3520031,0.693393,4,8,2
"1334",1101,"Berlin",1999,3520031,0.722334,4,8,2
"1335",1101,"Berlin",2000,3520031,0.685197,4,8,2
"1336",1101,"Berlin",2001,3520031,0.770831,4,8,2
"1337",1101,"Berlin",2002,3520031,0.781415,4,8,2
"1338",1101,"Berlin",2003,3520031,0.794702,4,8,2
"1339",1101,"Berlin",2004,3520031,0.830132,5,9,3
"1340",1101,"Berlin",2005,3520031,0.891846,5,9,3
"1341",1101,"Berlin",2006,3520031,0.932038,5,10,3
"1342",1101,"Berlin",2007,3520031,0.927982,5,10,3
"1343",1101,"Berlin",2008,3520031,0.945933,5,10,3
"1344",1101,"Berlin",2009,3520031,1,5,10,3
"1345",1101,"Berlin",2010,3520031,1,5,10,3
"1346",1101,"Berlin",2011,3520031,1,5,10,3
"1347",1101,"Berlin",2012,3520031,1,5,10,3
"1348",1101,"Berlin",2013,3520031,1,5,10,3
"1349",1101,"Berlin",2014,3520031,1,5,10,3
"1350",1101,"Berlin",2015,3520031,1,5,10,3
"1351",1201,"Havelland-Fläming",1998,772018,0.762118,5,9,3
"1352",1201,"Havelland-Fläming",1999,772018,0.787244,5,9,3
"1353",1201,"Havelland-Fläming",2000,772018,0.768059,4,8,2
"1354",1201,"Havelland-Fläming",2001,772018,0.825573,5,9,3
"1355",1201,"Havelland-Fläming",2002,772018,0.790316,4,8,2
"1356",1201,"Havelland-Fläming",2003,772018,0.783773,4,8,2
"1357",1201,"Havelland-Fläming",2004,772018,0.775307,4,8,2
"1358",1201,"Havelland-Fläming",2005,772018,0.78011,4,8,2
"1359",1201,"Havelland-Fläming",2006,772018,0.749263,4,8,2
"1360",1201,"Havelland-Fläming",2007,772018,0.722789,4,8,2
"1361",1201,"Havelland-Fläming",2008,772018,0.724758,4,8,2
"1362",1201,"Havelland-Fläming",2009,772018,0.725065,4,8,2
"1363",1201,"Havelland-Fläming",2010,772018,0.738562,4,8,2
"1364",1201,"Havelland-Fläming",2011,772018,0.741919,4,8,2
"1365",1201,"Havelland-Fläming",2012,772018,0.769301,5,9,3
"1366",1201,"Havelland-Fläming",2013,772018,0.74561,4,8,2
"1367",1201,"Havelland-Fläming",2014,772018,0.751023,4,8,2
"1368",1201,"Havelland-Fläming",2015,772018,0.737014,5,9,3
"1369",1202,"Lausitz-Spreewald",1998,598973,0.872744,5,10,3
"1370",1202,"Lausitz-Spreewald",1999,598973,0.900479,5,10,3
"1371",1202,"Lausitz-Spreewald",2000,598973,0.895257,5,10,3
"1372",1202,"Lausitz-Spreewald",2001,598973,0.932537,5,10,3
"1373",1202,"Lausitz-Spreewald",2002,598973,0.899149,5,10,3
"1374",1202,"Lausitz-Spreewald",2003,598973,0.896946,5,10,3
"1375",1202,"Lausitz-Spreewald",2004,598973,0.878718,5,10,3
"1376",1202,"Lausitz-Spreewald",2005,598973,0.865851,5,9,3
"1377",1202,"Lausitz-Spreewald",2006,598973,0.860017,5,9,3
"1378",1202,"Lausitz-Spreewald",2007,598973,0.834824,5,9,3
"1379",1202,"Lausitz-Spreewald",2008,598973,0.829776,5,9,3
"1380",1202,"Lausitz-Spreewald",2009,598973,0.805421,5,9,3
"1381",1202,"Lausitz-Spreewald",2010,598973,0.794722,5,9,3
"1382",1202,"Lausitz-Spreewald",2011,598973,0.797465,5,9,3
"1383",1202,"Lausitz-Spreewald",2012,598973,0.824239,5,9,3
"1384",1202,"Lausitz-Spreewald",2013,598973,0.777313,5,9,3
"1385",1202,"Lausitz-Spreewald",2014,598973,0.766205,5,9,3
"1386",1202,"Lausitz-Spreewald",2015,598973,0.754865,5,9,3
"1387",1203,"Oderland-Spree",1998,431203,0.804747,5,9,3
"1388",1203,"Oderland-Spree",1999,431203,0.852651,5,9,3
"1389",1203,"Oderland-Spree",2000,431203,0.838278,5,9,3
"1390",1203,"Oderland-Spree",2001,431203,0.896297,5,9,3
"1391",1203,"Oderland-Spree",2002,431203,0.869762,5,9,3
"1392",1203,"Oderland-Spree",2003,431203,0.865414,5,9,3
"1393",1203,"Oderland-Spree",2004,431203,0.876999,5,9,3
"1394",1203,"Oderland-Spree",2005,431203,0.865056,5,9,3
"1395",1203,"Oderland-Spree",2006,431203,0.855112,5,9,3
"1396",1203,"Oderland-Spree",2007,431203,0.795438,5,9,3
"1397",1203,"Oderland-Spree",2008,431203,0.791444,4,8,2
"1398",1203,"Oderland-Spree",2009,431203,0.788944,5,9,3
"1399",1203,"Oderland-Spree",2010,431203,0.785292,5,9,3
"1400",1203,"Oderland-Spree",2011,431203,0.771091,5,9,3
"1401",1203,"Oderland-Spree",2012,431203,0.802638,5,9,3
"1402",1203,"Oderland-Spree",2013,431203,0.755521,5,9,3
"1403",1203,"Oderland-Spree",2014,431203,0.770343,5,9,3
"1404",1203,"Oderland-Spree",2015,431203,0.731095,4,8,2
"1405",1204,"Prignitz-Oberhavel",1998,384207,0.84814,5,9,3
"1406",1204,"Prignitz-Oberhavel",1999,384207,0.856315,5,10,3
"1407",1204,"Prignitz-Oberhavel",2000,384207,0.842336,5,9,3
"1408",1204,"Prignitz-Oberhavel",2001,384207,0.899232,5,9,3
"1409",1204,"Prignitz-Oberhavel",2002,384207,0.883992,5,9,3
"1410",1204,"Prignitz-Oberhavel",2003,384207,0.877704,5,9,3
"1411",1204,"Prignitz-Oberhavel",2004,384207,0.857621,5,9,3
"1412",1204,"Prignitz-Oberhavel",2005,384207,0.860489,5,9,3
"1413",1204,"Prignitz-Oberhavel",2006,384207,0.863008,5,9,3
"1414",1204,"Prignitz-Oberhavel",2007,384207,0.842333,5,9,3
"1415",1204,"Prignitz-Oberhavel",2008,384207,0.808197,5,9,3
"1416",1204,"Prignitz-Oberhavel",2009,384207,0.813074,5,9,3
"1417",1204,"Prignitz-Oberhavel",2010,384207,0.780547,5,9,3
"1418",1204,"Prignitz-Oberhavel",2011,384207,0.76399,5,9,3
"1419",1204,"Prignitz-Oberhavel",2012,384207,0.812379,5,9,3
"1420",1204,"Prignitz-Oberhavel",2013,384207,0.752128,5,9,3
"1421",1204,"Prignitz-Oberhavel",2014,384207,0.771872,5,9,3
"1422",1204,"Prignitz-Oberhavel",2015,384207,0.73131,4,8,2
"1423",1205,"Uckermark-Barnim",1998,298425,0.830357,5,9,3
"1424",1205,"Uckermark-Barnim",1999,298425,0.837428,5,9,3
"1425",1205,"Uckermark-Barnim",2000,298425,0.842413,5,9,3
"1426",1205,"Uckermark-Barnim",2001,298425,0.922714,5,10,3
"1427",1205,"Uckermark-Barnim",2002,298425,0.859325,5,9,3
"1428",1205,"Uckermark-Barnim",2003,298425,0.877725,5,9,3
"1429",1205,"Uckermark-Barnim",2004,298425,0.886158,5,10,3
"1430",1205,"Uckermark-Barnim",2005,298425,0.898226,5,10,3
"1431",1205,"Uckermark-Barnim",2006,298425,0.879145,5,9,3
"1432",1205,"Uckermark-Barnim",2007,298425,0.839803,5,9,3
"1433",1205,"Uckermark-Barnim",2008,298425,0.838146,5,9,3
"1434",1205,"Uckermark-Barnim",2009,298425,0.81178,5,9,3
"1435",1205,"Uckermark-Barnim",2010,298425,0.814669,5,9,3
"1436",1205,"Uckermark-Barnim",2011,298425,0.77161,5,9,3
"1437",1205,"Uckermark-Barnim",2012,298425,0.813859,5,9,3
"1438",1205,"Uckermark-Barnim",2013,298425,0.766294,5,9,3
"1439",1205,"Uckermark-Barnim",2014,298425,0.758609,5,9,3
"1440",1205,"Uckermark-Barnim",2015,298425,0.749605,5,9,3
"1441",1301,"Mecklenburgische Seenplatte",1998,262517,0.960127,5,10,3
"1442",1301,"Mecklenburgische Seenplatte",1999,262517,0.957691,5,10,3
"1443",1301,"Mecklenburgische Seenplatte",2000,262517,0.956724,5,10,3
"1444",1301,"Mecklenburgische Seenplatte",2001,262517,0.979595,5,10,3
"1445",1301,"Mecklenburgische Seenplatte",2002,262517,0.99887,5,10,3
"1446",1301,"Mecklenburgische Seenplatte",2003,262517,1,5,10,3
"1447",1301,"Mecklenburgische Seenplatte",2004,262517,0.952186,5,10,3
"1448",1301,"Mecklenburgische Seenplatte",2005,262517,0.969993,5,10,3
"1449",1301,"Mecklenburgische Seenplatte",2006,262517,0.962647,5,10,3
"1450",1301,"Mecklenburgische Seenplatte",2007,262517,0.922672,5,10,3
"1451",1301,"Mecklenburgische Seenplatte",2008,262517,0.928667,5,10,3
"1452",1301,"Mecklenburgische Seenplatte",2009,262517,0.886714,5,10,3
"1453",1301,"Mecklenburgische Seenplatte",2010,262517,0.871284,5,10,3
"1454",1301,"Mecklenburgische Seenplatte",2011,262517,0.866794,5,10,3
"1455",1301,"Mecklenburgische Seenplatte",2012,262517,0.893587,5,10,3
"1456",1301,"Mecklenburgische Seenplatte",2013,262517,0.909042,5,10,3
"1457",1301,"Mecklenburgische Seenplatte",2014,262517,0.91153,5,10,3
"1458",1301,"Mecklenburgische Seenplatte",2015,262517,0.925512,5,10,3
"1459",1302,"Mittleres Mecklenburg/Rostock",1998,419484,0.953864,5,10,3
"1460",1302,"Mittleres Mecklenburg/Rostock",1999,419484,0.938531,5,10,3
"1461",1302,"Mittleres Mecklenburg/Rostock",2000,419484,0.905508,5,10,3
"1462",1302,"Mittleres Mecklenburg/Rostock",2001,419484,0.917007,5,10,3
"1463",1302,"Mittleres Mecklenburg/Rostock",2002,419484,0.947399,5,10,3
"1464",1302,"Mittleres Mecklenburg/Rostock",2003,419484,0.955621,5,10,3
"1465",1302,"Mittleres Mecklenburg/Rostock",2004,419484,0.96173,5,10,3
"1466",1302,"Mittleres Mecklenburg/Rostock",2005,419484,0.968209,5,10,3
"1467",1302,"Mittleres Mecklenburg/Rostock",2006,419484,0.958895,5,10,3
"1468",1302,"Mittleres Mecklenburg/Rostock",2007,419484,0.942673,5,10,3
"1469",1302,"Mittleres Mecklenburg/Rostock",2008,419484,0.949634,5,10,3
"1470",1302,"Mittleres Mecklenburg/Rostock",2009,419484,0.915209,5,10,3
"1471",1302,"Mittleres Mecklenburg/Rostock",2010,419484,0.910948,5,10,3
"1472",1302,"Mittleres Mecklenburg/Rostock",2011,419484,0.920784,5,10,3
"1473",1302,"Mittleres Mecklenburg/Rostock",2012,419484,0.939711,5,10,3
"1474",1302,"Mittleres Mecklenburg/Rostock",2013,419484,0.92119,5,10,3
"1475",1302,"Mittleres Mecklenburg/Rostock",2014,419484,0.945081,5,10,3
"1476",1302,"Mittleres Mecklenburg/Rostock",2015,419484,0.919928,5,10,3
"1477",1303,"Vorpommern",1998,463178,0.958484,5,10,3
"1478",1303,"Vorpommern",1999,463178,0.959641,5,10,3
"1479",1303,"Vorpommern",2000,463178,0.968874,5,10,3
"1480",1303,"Vorpommern",2001,463178,1,5,10,3
"1481",1303,"Vorpommern",2002,463178,0.990063,5,10,3
"1482",1303,"Vorpommern",2003,463178,0.993665,5,10,3
"1483",1303,"Vorpommern",2004,463178,1,5,10,3
"1484",1303,"Vorpommern",2005,463178,1,5,10,3
"1485",1303,"Vorpommern",2006,463178,0.98825,5,10,3
"1486",1303,"Vorpommern",2007,463178,0.963782,5,10,3
"1487",1303,"Vorpommern",2008,463178,0.939246,5,10,3
"1488",1303,"Vorpommern",2009,463178,0.923265,5,10,3
"1489",1303,"Vorpommern",2010,463178,0.888023,5,10,3
"1490",1303,"Vorpommern",2011,463178,0.894479,5,10,3
"1491",1303,"Vorpommern",2012,463178,0.943193,5,10,3
"1492",1303,"Vorpommern",2013,463178,0.943029,5,10,3
"1493",1303,"Vorpommern",2014,463178,0.988013,5,10,3
"1494",1303,"Vorpommern",2015,463178,0.944071,5,10,3
"1495",1304,"Westmecklenburg",1998,467183,0.851252,5,10,3
"1496",1304,"Westmecklenburg",1999,467183,0.829334,5,9,3
"1497",1304,"Westmecklenburg",2000,467183,0.81298,5,9,3
"1498",1304,"Westmecklenburg",2001,467183,0.823835,4,8,2
"1499",1304,"Westmecklenburg",2002,467183,0.830011,5,9,3
"1500",1304,"Westmecklenburg",2003,467183,0.809798,5,9,3
"1501",1304,"Westmecklenburg",2004,467183,0.816459,5,9,3
"1502",1304,"Westmecklenburg",2005,467183,0.837056,5,9,3
"1503",1304,"Westmecklenburg",2006,467183,0.821423,5,9,3
"1504",1304,"Westmecklenburg",2007,467183,0.796238,5,9,3
"1505",1304,"Westmecklenburg",2008,467183,0.821178,5,9,3
"1506",1304,"Westmecklenburg",2009,467183,0.740171,4,8,2
"1507",1304,"Westmecklenburg",2010,467183,0.725165,4,8,2
"1508",1304,"Westmecklenburg",2011,467183,0.70874,4,8,2
"1509",1304,"Westmecklenburg",2012,467183,0.753377,4,8,2
"1510",1304,"Westmecklenburg",2013,467183,0.76149,5,9,3
"1511",1304,"Westmecklenburg",2014,467183,0.775457,5,9,3
"1512",1304,"Westmecklenburg",2015,467183,0.760013,5,9,3
"1513",1401,"Oberes Elbtal/Osterzgebirge",1998,1036481,0.810565,5,9,3
"1514",1401,"Oberes Elbtal/Osterzgebirge",1999,1036481,0.83266,5,9,3
"1515",1401,"Oberes Elbtal/Osterzgebirge",2000,1036481,0.821456,5,9,3
"1516",1401,"Oberes Elbtal/Osterzgebirge",2001,1036481,0.903002,5,10,3
"1517",1401,"Oberes Elbtal/Osterzgebirge",2002,1036481,0.890868,5,10,3
"1518",1401,"Oberes Elbtal/Osterzgebirge",2003,1036481,0.84627,5,9,3
"1519",1401,"Oberes Elbtal/Osterzgebirge",2004,1036481,0.846377,5,9,3
"1520",1401,"Oberes Elbtal/Osterzgebirge",2005,1036481,0.893076,5,9,3
"1521",1401,"Oberes Elbtal/Osterzgebirge",2006,1036481,0.905819,5,10,3
"1522",1401,"Oberes Elbtal/Osterzgebirge",2007,1036481,0.888134,5,9,3
"1523",1401,"Oberes Elbtal/Osterzgebirge",2008,1036481,0.908399,5,10,3
"1524",1401,"Oberes Elbtal/Osterzgebirge",2009,1036481,0.942547,5,10,3
"1525",1401,"Oberes Elbtal/Osterzgebirge",2010,1036481,0.934193,5,10,3
"1526",1401,"Oberes Elbtal/Osterzgebirge",2011,1036481,0.940244,5,10,3
"1527",1401,"Oberes Elbtal/Osterzgebirge",2012,1036481,0.949506,5,10,3
"1528",1401,"Oberes Elbtal/Osterzgebirge",2013,1036481,0.938359,5,10,3
"1529",1401,"Oberes Elbtal/Osterzgebirge",2014,1036481,0.938618,5,10,3
"1530",1401,"Oberes Elbtal/Osterzgebirge",2015,1036481,0.96392,5,10,3
"1531",1402,"Oberlausitz-Niederschlesien",1998,566273,0.854423,5,10,3
"1532",1402,"Oberlausitz-Niederschlesien",1999,566273,0.854685,5,9,3
"1533",1402,"Oberlausitz-Niederschlesien",2000,566273,0.864088,5,10,3
"1534",1402,"Oberlausitz-Niederschlesien",2001,566273,0.964987,5,10,3
"1535",1402,"Oberlausitz-Niederschlesien",2002,566273,0.948872,5,10,3
"1536",1402,"Oberlausitz-Niederschlesien",2003,566273,0.927254,5,10,3
"1537",1402,"Oberlausitz-Niederschlesien",2004,566273,0.888676,5,10,3
"1538",1402,"Oberlausitz-Niederschlesien",2005,566273,0.906485,5,10,3
"1539",1402,"Oberlausitz-Niederschlesien",2006,566273,0.902926,5,9,3
"1540",1402,"Oberlausitz-Niederschlesien",2007,566273,0.884194,5,9,3
"1541",1402,"Oberlausitz-Niederschlesien",2008,566273,0.881981,5,9,3
"1542",1402,"Oberlausitz-Niederschlesien",2009,566273,0.870653,5,9,3
"1543",1402,"Oberlausitz-Niederschlesien",2010,566273,0.857308,5,10,3
"1544",1402,"Oberlausitz-Niederschlesien",2011,566273,0.845271,5,10,3
"1545",1402,"Oberlausitz-Niederschlesien",2012,566273,0.85979,5,10,3
"1546",1402,"Oberlausitz-Niederschlesien",2013,566273,0.831206,5,9,3
"1547",1402,"Oberlausitz-Niederschlesien",2014,566273,0.863223,5,10,3
"1548",1402,"Oberlausitz-Niederschlesien",2015,566273,0.839566,5,10,3
"1549",1403,"Südsachsen",1998,1465612,0.836769,5,9,3
"1550",1403,"Südsachsen",1999,1465612,0.803119,5,9,3
"1551",1403,"Südsachsen",2000,1465612,0.829336,5,9,3
"1552",1403,"Südsachsen",2001,1465612,0.898019,5,9,3
"1553",1403,"Südsachsen",2002,1465612,0.887215,5,9,3
"1554",1403,"Südsachsen",2003,1465612,0.858811,5,9,3
"1555",1403,"Südsachsen",2004,1465612,0.825925,5,9,3
"1556",1403,"Südsachsen",2005,1465612,0.867779,5,9,3
"1557",1403,"Südsachsen",2006,1465612,0.870212,5,9,3
"1558",1403,"Südsachsen",2007,1465612,0.833812,5,9,3
"1559",1403,"Südsachsen",2008,1465612,0.836996,5,9,3
"1560",1403,"Südsachsen",2009,1465612,0.866184,5,9,3
"1561",1403,"Südsachsen",2010,1465612,0.829132,5,9,3
"1562",1403,"Südsachsen",2011,1465612,0.81051,5,9,3
"1563",1403,"Südsachsen",2012,1465612,0.826917,5,9,3
"1564",1403,"Südsachsen",2013,1465612,0.791464,5,9,3
"1565",1403,"Südsachsen",2014,1465612,0.805971,5,9,3
"1566",1403,"Südsachsen",2015,1465612,0.798914,5,9,3
"1567",1404,"Westsachsen",1998,1016485,0.847905,5,9,3
"1568",1404,"Westsachsen",1999,1016485,0.874885,5,10,3
"1569",1404,"Westsachsen",2000,1016485,0.887127,5,10,3
"1570",1404,"Westsachsen",2001,1016485,0.968739,5,10,3
"1571",1404,"Westsachsen",2002,1016485,0.973619,5,10,3
"1572",1404,"Westsachsen",2003,1016485,0.95649,5,10,3
"1573",1404,"Westsachsen",2004,1016485,0.92738,5,10,3
"1574",1404,"Westsachsen",2005,1016485,0.99895,5,10,3
"1575",1404,"Westsachsen",2006,1016485,1,5,10,3
"1576",1404,"Westsachsen",2007,1016485,0.977513,5,10,3
"1577",1404,"Westsachsen",2008,1016485,1,5,10,3
"1578",1404,"Westsachsen",2009,1016485,0.995245,5,10,3
"1579",1404,"Westsachsen",2010,1016485,0.970442,5,10,3
"1580",1404,"Westsachsen",2011,1016485,0.954281,5,10,3
"1581",1404,"Westsachsen",2012,1016485,0.961875,5,10,3
"1582",1404,"Westsachsen",2013,1016485,0.955654,5,10,3
"1583",1404,"Westsachsen",2014,1016485,0.966263,5,10,3
"1584",1404,"Westsachsen",2015,1016485,0.981255,5,10,3
"1585",1501,"Altmark",1998,201426,0.900634,5,10,3
"1586",1501,"Altmark",1999,201426,0.918375,5,10,3
"1587",1501,"Altmark",2000,201426,0.896596,5,10,3
"1588",1501,"Altmark",2001,201426,0.874062,5,9,3
"1589",1501,"Altmark",2002,201426,0.909327,5,10,3
"1590",1501,"Altmark",2003,201426,0.880151,5,9,3
"1591",1501,"Altmark",2004,201426,0.88693,5,10,3
"1592",1501,"Altmark",2005,201426,0.942558,5,10,3
"1593",1501,"Altmark",2006,201426,0.951091,5,10,3
"1594",1501,"Altmark",2007,201426,0.950651,5,10,3
"1595",1501,"Altmark",2008,201426,0.887563,5,10,3
"1596",1501,"Altmark",2009,201426,0.867121,5,9,3
"1597",1501,"Altmark",2010,201426,0.856924,5,10,3
"1598",1501,"Altmark",2011,201426,0.811503,5,9,3
"1599",1501,"Altmark",2012,201426,0.838054,5,9,3
"1600",1501,"Altmark",2013,201426,0.863012,5,10,3
"1601",1501,"Altmark",2014,201426,0.834537,5,9,3
"1602",1501,"Altmark",2015,201426,0.804326,5,9,3
"1603",1502,"Anhalt-Bitterfeld-Wittenberg",1998,376183,0.961373,5,10,3
"1604",1502,"Anhalt-Bitterfeld-Wittenberg",1999,376183,0.968101,5,10,3
"1605",1502,"Anhalt-Bitterfeld-Wittenberg",2000,376183,0.978353,5,10,3
"1606",1502,"Anhalt-Bitterfeld-Wittenberg",2001,376183,0.960542,5,10,3
"1607",1502,"Anhalt-Bitterfeld-Wittenberg",2002,376183,0.952829,5,10,3
"1608",1502,"Anhalt-Bitterfeld-Wittenberg",2003,376183,0.932736,5,10,3
"1609",1502,"Anhalt-Bitterfeld-Wittenberg",2004,376183,0.872897,5,9,3
"1610",1502,"Anhalt-Bitterfeld-Wittenberg",2005,376183,0.930456,5,10,3
"1611",1502,"Anhalt-Bitterfeld-Wittenberg",2006,376183,0.916787,5,10,3
"1612",1502,"Anhalt-Bitterfeld-Wittenberg",2007,376183,0.920201,5,10,3
"1613",1502,"Anhalt-Bitterfeld-Wittenberg",2008,376183,0.884997,5,10,3
"1614",1502,"Anhalt-Bitterfeld-Wittenberg",2009,376183,0.883364,5,10,3
"1615",1502,"Anhalt-Bitterfeld-Wittenberg",2010,376183,0.825856,5,9,3
"1616",1502,"Anhalt-Bitterfeld-Wittenberg",2011,376183,0.827845,5,9,3
"1617",1502,"Anhalt-Bitterfeld-Wittenberg",2012,376183,0.840662,5,9,3
"1618",1502,"Anhalt-Bitterfeld-Wittenberg",2013,376183,0.837163,5,9,3
"1619",1502,"Anhalt-Bitterfeld-Wittenberg",2014,376183,0.824475,5,9,3
"1620",1502,"Anhalt-Bitterfeld-Wittenberg",2015,376183,0.825244,5,9,3
"1621",1503,"Halle/S.",1998,748911,1,5,10,3
"1622",1503,"Halle/S.",1999,748911,1,5,10,3
"1623",1503,"Halle/S.",2000,748911,1,5,10,3
"1624",1503,"Halle/S.",2001,748911,0.979077,5,10,3
"1625",1503,"Halle/S.",2002,748911,1,5,10,3
"1626",1503,"Halle/S.",2003,748911,0.963051,5,10,3
"1627",1503,"Halle/S.",2004,748911,0.915387,5,10,3
"1628",1503,"Halle/S.",2005,748911,0.974931,5,10,3
"1629",1503,"Halle/S.",2006,748911,0.973241,5,10,3
"1630",1503,"Halle/S.",2007,748911,1,5,10,3
"1631",1503,"Halle/S.",2008,748911,0.954795,5,10,3
"1632",1503,"Halle/S.",2009,748911,0.950418,5,10,3
"1633",1503,"Halle/S.",2010,748911,0.935593,5,10,3
"1634",1503,"Halle/S.",2011,748911,0.933035,5,10,3
"1635",1503,"Halle/S.",2012,748911,0.95121,5,10,3
"1636",1503,"Halle/S.",2013,748911,0.949755,5,10,3
"1637",1503,"Halle/S.",2014,748911,0.95491,5,10,3
"1638",1503,"Halle/S.",2015,748911,0.91815,5,10,3
"1639",1504,"Magdeburg",1998,918950,0.943652,5,10,3
"1640",1504,"Magdeburg",1999,918950,0.93044,5,10,3
"1641",1504,"Magdeburg",2000,918950,0.928187,5,10,3
"1642",1504,"Magdeburg",2001,918950,0.890601,5,9,3
"1643",1504,"Magdeburg",2002,918950,0.889634,5,9,3
"1644",1504,"Magdeburg",2003,918950,0.886337,5,10,3
"1645",1504,"Magdeburg",2004,918950,0.840148,5,9,3
"1646",1504,"Magdeburg",2005,918950,0.893849,5,9,3
"1647",1504,"Magdeburg",2006,918950,0.90349,5,9,3
"1648",1504,"Magdeburg",2007,918950,0.905146,5,10,3
"1649",1504,"Magdeburg",2008,918950,0.870509,5,9,3
"1650",1504,"Magdeburg",2009,918950,0.871041,5,10,3
"1651",1504,"Magdeburg",2010,918950,0.838444,5,9,3
"1652",1504,"Magdeburg",2011,918950,0.839471,5,10,3
"1653",1504,"Magdeburg",2012,918950,0.85944,5,10,3
"1654",1504,"Magdeburg",2013,918950,0.867288,5,10,3
"1655",1504,"Magdeburg",2014,918950,0.845623,5,10,3
"1656",1504,"Magdeburg",2015,918950,0.836592,5,10,3
"1657",1601,"Mittelthüringen",1998,673427,0.815028,5,9,3
"1658",1601,"Mittelthüringen",1999,673427,0.826302,5,9,3
"1659",1601,"Mittelthüringen",2000,673427,0.84012,5,9,3
"1660",1601,"Mittelthüringen",2001,673427,0.899662,5,9,3
"1661",1601,"Mittelthüringen",2002,673427,0.885648,5,9,3
"1662",1601,"Mittelthüringen",2003,673427,0.906375,5,10,3
"1663",1601,"Mittelthüringen",2004,673427,0.902717,5,10,3
"1664",1601,"Mittelthüringen",2005,673427,0.962724,5,10,3
"1665",1601,"Mittelthüringen",2006,673427,0.931289,5,10,3
"1666",1601,"Mittelthüringen",2007,673427,0.917086,5,10,3
"1667",1601,"Mittelthüringen",2008,673427,0.922791,5,10,3
"1668",1601,"Mittelthüringen",2009,673427,0.910348,5,10,3
"1669",1601,"Mittelthüringen",2010,673427,0.867546,5,10,3
"1670",1601,"Mittelthüringen",2011,673427,0.860268,5,10,3
"1671",1601,"Mittelthüringen",2012,673427,0.876413,5,10,3
"1672",1601,"Mittelthüringen",2013,673427,0.849154,5,10,3
"1673",1601,"Mittelthüringen",2014,673427,0.852977,5,10,3
"1674",1601,"Mittelthüringen",2015,673427,0.836273,5,10,3
"1675",1602,"Nordthüringen",1998,369063,0.75899,4,8,2
"1676",1602,"Nordthüringen",1999,369063,0.747452,4,8,2
"1677",1602,"Nordthüringen",2000,369063,0.784922,5,9,3
"1678",1602,"Nordthüringen",2001,369063,0.842487,5,9,3
"1679",1602,"Nordthüringen",2002,369063,0.796478,5,9,3
"1680",1602,"Nordthüringen",2003,369063,0.818654,5,9,3
"1681",1602,"Nordthüringen",2004,369063,0.800671,4,8,2
"1682",1602,"Nordthüringen",2005,369063,0.831537,4,8,2
"1683",1602,"Nordthüringen",2006,369063,0.817011,4,8,2
"1684",1602,"Nordthüringen",2007,369063,0.788383,4,8,2
"1685",1602,"Nordthüringen",2008,369063,0.801513,5,9,3
"1686",1602,"Nordthüringen",2009,369063,0.810331,5,9,3
"1687",1602,"Nordthüringen",2010,369063,0.753742,5,9,3
"1688",1602,"Nordthüringen",2011,369063,0.743338,5,9,3
"1689",1602,"Nordthüringen",2012,369063,0.756513,4,8,2
"1690",1602,"Nordthüringen",2013,369063,0.72826,4,8,2
"1691",1602,"Nordthüringen",2014,369063,0.732992,4,8,2
"1692",1602,"Nordthüringen",2015,369063,0.715285,4,8,2
"1693",1603,"Ostthüringen",1998,677409,0.808519,5,9,3
"1694",1603,"Ostthüringen",1999,677409,0.77767,5,9,3
"1695",1603,"Ostthüringen",2000,677409,0.82317,5,9,3
"1696",1603,"Ostthüringen",2001,677409,0.8628,5,9,3
"1697",1603,"Ostthüringen",2002,677409,0.843058,5,9,3
"1698",1603,"Ostthüringen",2003,677409,0.854428,5,9,3
"1699",1603,"Ostthüringen",2004,677409,0.851983,5,9,3
"1700",1603,"Ostthüringen",2005,677409,0.885693,5,9,3
"1701",1603,"Ostthüringen",2006,677409,0.875756,5,9,3
"1702",1603,"Ostthüringen",2007,677409,0.84807,5,9,3
"1703",1603,"Ostthüringen",2008,677409,0.852654,5,9,3
"1704",1603,"Ostthüringen",2009,677409,0.861478,5,9,3
"1705",1603,"Ostthüringen",2010,677409,0.844753,5,9,3
"1706",1603,"Ostthüringen",2011,677409,0.816177,5,9,3
"1707",1603,"Ostthüringen",2012,677409,0.850263,5,9,3
"1708",1603,"Ostthüringen",2013,677409,0.831794,5,9,3
"1709",1603,"Ostthüringen",2014,677409,0.821602,5,9,3
"1710",1603,"Ostthüringen",2015,677409,0.814498,5,9,3
"1711",1604,"Südthüringen",1998,450815,0.641157,4,8,2
"1712",1604,"Südthüringen",1999,450815,0.642891,4,8,2
"1713",1604,"Südthüringen",2000,450815,0.667542,4,8,2
"1714",1604,"Südthüringen",2001,450815,0.697602,4,8,2
"1715",1604,"Südthüringen",2002,450815,0.69068,4,8,2
"1716",1604,"Südthüringen",2003,450815,0.685045,4,8,2
"1717",1604,"Südthüringen",2004,450815,0.670842,4,8,2
"1718",1604,"Südthüringen",2005,450815,0.69735,4,8,2
"1719",1604,"Südthüringen",2006,450815,0.697364,4,8,2
"1720",1604,"Südthüringen",2007,450815,0.678217,4,8,2
"1721",1604,"Südthüringen",2008,450815,0.663238,4,8,2
"1722",1604,"Südthüringen",2009,450815,0.686672,4,8,2
"1723",1604,"Südthüringen",2010,450815,0.649297,4,8,2
"1724",1604,"Südthüringen",2011,450815,0.609641,4,8,2
"1725",1604,"Südthüringen",2012,450815,0.631484,4,8,2
"1726",1604,"Südthüringen",2013,450815,0.599986,4,7,2
"1727",1604,"Südthüringen",2014,450815,0.59124,4,7,2
"1728",1604,"Südthüringen",2015,450815,0.583649,4,7,2
