"";"JAHR";"PLZ2";"GISD_Score";"Bevölkerung";"GISD_5";"GISD_10";"GISD_k"
"1";1998;1;0,826743;1249405;5;9;3
"2";1998;2;0,900768;427271;5;10;3
"3";1998;3;0,938845;295580;5;10;3
"4";1998;4;0,869072;1237778;5;10;3
"5";1998;6;1;1300863;5;10;3
"6";1998;7;0,813898;580033;5;9;3
"7";1998;8;0,838301;601903;5;9;3
"8";1998;9;0,851101;790575;5;10;3
"9";1998;10;0,70674;414467;5;9;3
"10";1998;12;0,706275;1377942;4;8;2
"11";1998;13;0,706757;1173394;5;9;3
"12";1998;14;0,748685;1264837;5;9;3
"13";1998;15;0,774597;627638;5;9;3
"14";1998;16;0,833751;598416;5;9;3
"15";1998;17;0,968325;587834;5;10;3
"16";1998;18;0,963455;607324;5;10;3
"17";1998;19;0,860842;405447;5;10;3
"18";1998;20;0,244062;123873;2;4;2
"19";1998;21;0,296311;1602122;3;5;2
"20";1998;22;0,208348;1103442;2;4;2
"21";1998;23;0,4909;734709;4;8;2
"22";1998;24;0,42683;1096639;4;7;2
"23";1998;25;0,332972;696446;3;6;2
"24";1998;26;0,554704;1174940;4;8;2
"25";1998;27;0,434007;868974;4;7;2
"26";1998;28;0,476949;738882;4;7;2
"27";1998;29;0,525029;522068;4;8;2
"28";1998;30;0,454151;912461;4;7;2
"29";1998;31;0,419472;1019536;4;7;2
"30";1998;32;0,310867;885607;3;5;2
"31";1998;33;0,319343;1082569;3;5;2
"32";1998;34;0,408657;803532;4;7;2
"33";1998;35;0,271654;912547;2;4;2
"34";1998;36;0,349817;534835;3;6;2
"35";1998;37;0,537946;742488;4;8;2
"36";1998;38;0,522504;1171828;4;8;2
"37";1998;39;0,944959;783409;5;10;3
"38";1998;40;0,276036;991992;3;5;2
"39";1998;41;0,374614;952282;3;6;2
"40";1998;42;0,331241;878888;3;6;2
"41";1998;44;0,591689;1267494;4;8;2
"42";1998;45;0,533686;1559154;4;8;2
"43";1998;46;0,449881;894580;4;7;2
"44";1998;47;0,482354;1313713;4;7;2
"45";1998;48;0,393315;1189935;3;6;2
"46";1998;49;0,37802;1228129;3;6;2
"47";1998;50;0,366591;1084177;3;6;2
"48";1998;51;0,35677;1079789;3;6;2
"49";1998;52;0,507237;941131;4;8;2
"50";1998;53;0,340969;1265468;3;6;2
"51";1998;54;0,40703;516643;4;7;2
"52";1998;55;0,262639;805580;2;4;2
"53";1998;56;0,288939;849197;3;5;2
"54";1998;57;0,258057;598580;2;4;2
"55";1998;58;0,268845;930406;2;4;2
"56";1998;59;0,410906;1145053;4;7;2
"57";1998;60;0,282798;619157;3;5;2
"58";1998;61;0,115891;451016;1;2;1
"59";1998;63;0,19248;1268562;2;3;2
"60";1998;64;0,203508;802795;2;3;2
"61";1998;65;0,211592;1081652;2;4;2
"62";1998;66;0,398226;1248759;3;6;2
"63";1998;67;0,30862;1033467;3;5;2
"64";1998;68;0,31849;601445;3;5;2
"65";1998;69;0,257757;508992;2;4;2
"66";1998;70;0,121015;821650;1;2;1
"67";1998;71;0;1000158;1;1;1
"68";1998;72;0,112977;1056260;1;2;1
"69";1998;73;0,053551;1006392;1;1;1
"70";1998;74;0,094075;1057532;1;1;1
"71";1998;75;0,101207;484410;1;2;1
"72";1998;76;0,15607;1139769;2;3;2
"73";1998;77;0,121096;478943;1;2;1
"74";1998;78;0,127499;741488;1;2;1
"75";1998;79;0,258976;1040371;2;4;2
"76";1998;80;0,041623;626238;1;1;1
"77";1998;81;0,041689;814923;1;1;1
"78";1998;82;0,088048;735553;1;1;1
"79";1998;83;0,17737;762163;2;3;2
"80";1998;84;0,109713;684830;1;2;1
"81";1998;85;0,044744;1114901;1;1;1
"82";1998;86;0,119931;1164100;1;2;1
"83";1998;87;0,147823;522875;1;2;1
"84";1998;88;0,152296;846572;1;2;1
"85";1998;89;0,038071;763761;1;1;1
"86";1998;90;0,159854;892793;2;3;2
"87";1998;91;0,088562;999919;1;1;1
"88";1998;92;0,173866;516635;2;3;2
"89";1998;93;0,191074;590817;2;3;2
"90";1998;94;0,220923;705807;2;4;2
"91";1998;95;0,280982;497508;3;5;2
"92";1998;96;0,187347;561663;2;3;2
"93";1998;97;0,18785;1061355;2;3;2
"94";1998;98;0,721634;304392;5;9;3
"95";1998;99;0,793398;945552;5;9;3
"96";1999;1;0,848301;1249405;5;10;3
"97";1999;2;0,895339;427271;5;10;3
"98";1999;3;0,974482;295580;5;10;3
"99";1999;4;0,888388;1237778;5;10;3
"100";1999;6;1;1300863;5;10;3
"101";1999;7;0,788977;580033;5;9;3
"102";1999;8;0,791132;601903;5;9;3
"103";1999;9;0,830691;790575;5;9;3
"104";1999;10;0,736034;414467;5;9;3
"105";1999;12;0,735744;1377942;5;9;3
"106";1999;13;0,736042;1173394;5;9;3
"107";1999;14;0,777303;1264837;5;9;3
"108";1999;15;0,812104;627638;5;9;3
"109";1999;16;0,849499;598416;5;10;3
"110";1999;17;0,973046;587834;5;10;3
"111";1999;18;0,953508;607324;5;10;3
"112";1999;19;0,844331;405447;5;9;3
"113";1999;20;0,231162;123873;2;4;2
"114";1999;21;0,294897;1602122;3;5;2
"115";1999;22;0,210342;1103442;2;4;2
"116";1999;23;0,512728;734709;4;8;2
"117";1999;24;0,465134;1096639;4;7;2
"118";1999;25;0,352001;696446;3;6;2
"119";1999;26;0,55766;1174940;4;8;2
"120";1999;27;0,444111;868974;4;7;2
"121";1999;28;0,500649;738882;4;7;2
"122";1999;29;0,543667;522068;4;8;2
"123";1999;30;0,461624;912461;4;7;2
"124";1999;31;0,438943;1019536;4;7;2
"125";1999;32;0,31636;885607;3;5;2
"126";1999;33;0,329393;1082569;3;5;2
"127";1999;34;0,400558;803532;3;6;2
"128";1999;35;0,267702;912547;2;4;2
"129";1999;36;0,330715;534835;3;6;2
"130";1999;37;0,532816;742488;4;8;2
"131";1999;38;0,540157;1171828;4;8;2
"132";1999;39;0,942778;783409;5;10;3
"133";1999;40;0,284082;991992;3;5;2
"134";1999;41;0,390305;952282;3;6;2
"135";1999;42;0,346236;878888;3;6;2
"136";1999;44;0,606313;1267494;4;8;2
"137";1999;45;0,543916;1559154;4;8;2
"138";1999;46;0,454817;894580;4;7;2
"139";1999;47;0,493189;1313713;4;7;2
"140";1999;48;0,389233;1189935;3;6;2
"141";1999;49;0,394859;1228129;3;6;2
"142";1999;50;0,384678;1084177;3;6;2
"143";1999;51;0,375562;1079789;3;6;2
"144";1999;52;0,527914;941131;4;8;2
"145";1999;53;0,353443;1265468;3;6;2
"146";1999;54;0,417096;516643;4;7;2
"147";1999;55;0,274949;805580;2;4;2
"148";1999;56;0,297375;849197;3;5;2
"149";1999;57;0,251985;598580;2;4;2
"150";1999;58;0,284932;930406;3;5;2
"151";1999;59;0,407547;1145053;4;7;2
"152";1999;60;0,254158;619157;2;4;2
"153";1999;61;0,084324;451016;1;1;1
"154";1999;63;0,170431;1268562;2;3;2
"155";1999;64;0,177917;802795;2;3;2
"156";1999;65;0,193498;1081652;2;3;2
"157";1999;66;0,403151;1248759;4;7;2
"158";1999;67;0,317253;1033467;3;5;2
"159";1999;68;0,307229;601445;3;5;2
"160";1999;69;0,277707;508992;2;4;2
"161";1999;70;0,141092;821650;1;2;1
"162";1999;71;0;1000158;1;1;1
"163";1999;72;0,116104;1056260;1;2;1
"164";1999;73;0,061627;1006392;1;1;1
"165";1999;74;0,099798;1057532;1;1;1
"166";1999;75;0,104895;484410;1;2;1
"167";1999;76;0,162187;1139769;1;2;1
"168";1999;77;0,114506;478943;1;2;1
"169";1999;78;0,127659;741488;1;2;1
"170";1999;79;0,250457;1040371;2;4;2
"171";1999;80;0,089976;626238;1;1;1
"172";1999;81;0,089976;814923;1;1;1
"173";1999;82;0,103007;735553;1;2;1
"174";1999;83;0,168823;762163;2;3;2
"175";1999;84;0,100385;684830;1;2;1
"176";1999;85;0,05495;1114901;1;1;1
"177";1999;86;0,134082;1164100;1;2;1
"178";1999;87;0,146256;522875;1;2;1
"179";1999;88;0,179466;846572;2;3;2
"180";1999;89;0,062049;763761;1;1;1
"181";1999;90;0,165101;892793;2;3;2
"182";1999;91;0,098075;999919;1;1;1
"183";1999;92;0,174319;516635;2;3;2
"184";1999;93;0,186643;590817;2;3;2
"185";1999;94;0,216171;705807;2;4;2
"186";1999;95;0,283875;497508;3;5;2
"187";1999;96;0,182751;561663;2;3;2
"188";1999;97;0,212532;1061355;2;4;2
"189";1999;98;0,7273;304392;4;8;2
"190";1999;99;0,798465;945552;5;9;3
"191";2000;1;0,836867;1249405;5;9;3
"192";2000;2;0,907935;427271;5;10;3
"193";2000;3;0,961987;295580;5;10;3
"194";2000;4;0,900776;1237778;5;10;3
"195";2000;6;1;1300863;5;10;3
"196";2000;7;0,827379;580033;5;9;3
"197";2000;8;0,827799;601903;5;9;3
"198";2000;9;0,84395;790575;5;10;3
"199";2000;10;0,696131;414467;5;9;3
"200";2000;12;0,696084;1377942;4;8;2
"201";2000;13;0,696148;1173394;5;9;3
"202";2000;14;0,745219;1264837;5;9;3
"203";2000;15;0,804557;627638;5;9;3
"204";2000;16;0,837426;598416;5;10;3
"205";2000;17;0,967257;587834;5;10;3
"206";2000;18;0,940899;607324;5;10;3
"207";2000;19;0,828761;405447;5;9;3
"208";2000;20;0,210052;123873;2;4;2
"209";2000;21;0,255636;1602122;2;4;2
"210";2000;22;0,184492;1103442;2;3;2
"211";2000;23;0,488807;734709;4;8;2
"212";2000;24;0,43919;1096639;4;7;2
"213";2000;25;0,350658;696446;3;6;2
"214";2000;26;0,5361;1174940;4;8;2
"215";2000;27;0,419174;868974;4;7;2
"216";2000;28;0,468672;738882;4;7;2
"217";2000;29;0,511484;522068;4;8;2
"218";2000;30;0,425157;912461;4;7;2
"219";2000;31;0,384075;1019536;4;7;2
"220";2000;32;0,271981;885607;3;5;2
"221";2000;33;0,307098;1082569;3;6;2
"222";2000;34;0,346338;803532;3;6;2
"223";2000;35;0,22985;912547;2;4;2
"224";2000;36;0,296659;534835;3;5;2
"225";2000;37;0,512934;742488;4;8;2
"226";2000;38;0,508815;1171828;4;8;2
"227";2000;39;0,938035;783409;5;10;3
"228";2000;40;0,250675;991992;2;4;2
"229";2000;41;0,349865;952282;3;6;2
"230";2000;42;0,315003;878888;3;6;2
"231";2000;44;0,562905;1267494;4;8;2
"232";2000;45;0,500634;1559154;4;8;2
"233";2000;46;0,415059;894580;4;7;2
"234";2000;47;0,462779;1313713;4;7;2
"235";2000;48;0,355646;1189935;3;6;2
"236";2000;49;0,358199;1228129;3;6;2
"237";2000;50;0,33616;1084177;3;6;2
"238";2000;51;0,332094;1079789;3;6;2
"239";2000;52;0,487891;941131;4;8;2
"240";2000;53;0,308275;1265468;3;6;2
"241";2000;54;0,39044;516643;4;7;2
"242";2000;55;0,253671;805580;2;4;2
"243";2000;56;0,276081;849197;3;5;2
"244";2000;57;0,257899;598580;3;5;2
"245";2000;58;0,271641;930406;3;5;2
"246";2000;59;0,393175;1145053;4;7;2
"247";2000;60;0,284181;619157;3;5;2
"248";2000;61;0,023963;451016;1;1;1
"249";2000;63;0,115726;1268562;1;2;1
"250";2000;64;0,128949;802795;1;2;1
"251";2000;65;0,17875;1081652;2;3;2
"252";2000;66;0,399212;1248759;4;7;2
"253";2000;67;0,303818;1033467;3;5;2
"254";2000;68;0,294199;601445;3;5;2
"255";2000;69;0,264903;508992;3;5;2
"256";2000;70;0,141077;821650;2;3;2
"257";2000;71;0;1000158;1;1;1
"258";2000;72;0,098739;1056260;1;2;1
"259";2000;73;0,036866;1006392;1;1;1
"260";2000;74;0,100345;1057532;1;2;1
"261";2000;75;0,077944;484410;1;1;1
"262";2000;76;0,136593;1139769;2;3;2
"263";2000;77;0,091877;478943;1;2;1
"264";2000;78;0,112087;741488;1;2;1
"265";2000;79;0,240319;1040371;2;4;2
"266";2000;80;0,085522;626238;1;1;1
"267";2000;81;0,085523;814923;1;2;1
"268";2000;82;0,071388;735553;1;1;1
"269";2000;83;0,158779;762163;2;3;2
"270";2000;84;0,106993;684830;1;2;1
"271";2000;85;0,061369;1114901;1;1;1
"272";2000;86;0,091656;1164100;1;2;1
"273";2000;87;0,144976;522875;2;3;2
"274";2000;88;0,167942;846572;2;3;2
"275";2000;89;0,046975;763761;1;1;1
"276";2000;90;0,121434;892793;1;2;1
"277";2000;91;0,069895;999919;1;1;1
"278";2000;92;0,164767;516635;2;3;2
"279";2000;93;0,198669;590817;2;4;2
"280";2000;94;0,191052;705807;2;4;2
"281";2000;95;0,246462;497508;2;4;2
"282";2000;96;0,176979;561663;2;3;2
"283";2000;97;0,198917;1061355;2;4;2
"284";2000;98;0,740767;304392;5;9;3
"285";2000;99;0,820657;945552;5;9;3
"286";2001;1;0,908861;1249405;5;10;3
"287";2001;2;1;427271;5;10;3
"288";2001;3;0,99539;295580;5;10;3
"289";2001;4;0,968509;1237778;5;10;3
"290";2001;6;0,97473;1300863;5;10;3
"291";2001;7;0,857275;580033;5;9;3
"292";2001;8;0,882341;601903;5;9;3
"293";2001;9;0,910493;790575;5;10;3
"294";2001;10;0,776251;414467;5;9;3
"295";2001;12;0,775491;1377942;5;9;3
"296";2001;13;0,776261;1173394;5;9;3
"297";2001;14;0,809688;1264837;5;9;3
"298";2001;15;0,847914;627638;5;9;3
"299";2001;16;0,897571;598416;5;10;3
"300";2001;17;0,9947;587834;5;10;3
"301";2001;18;0,947066;607324;5;10;3
"302";2001;19;0,842061;405447;5;9;3
"303";2001;20;0,237518;123873;2;4;2
"304";2001;21;0,290287;1602122;3;5;2
"305";2001;22;0,210313;1103442;2;4;2
"306";2001;23;0,50469;734709;4;8;2
"307";2001;24;0,463629;1096639;4;7;2
"308";2001;25;0,370993;696446;3;6;2
"309";2001;26;0,574807;1174940;4;8;2
"310";2001;27;0,449475;868974;4;7;2
"311";2001;28;0,480998;738882;4;7;2
"312";2001;29;0,550965;522068;4;8;2
"313";2001;30;0,445432;912461;4;7;2
"314";2001;31;0,40902;1019536;4;7;2
"315";2001;32;0,280568;885607;3;5;2
"316";2001;33;0,315597;1082569;3;5;2
"317";2001;34;0,383029;803532;3;6;2
"318";2001;35;0,231398;912547;2;4;2
"319";2001;36;0,30392;534835;3;5;2
"320";2001;37;0,531533;742488;4;8;2
"321";2001;38;0,540903;1171828;4;8;2
"322";2001;39;0,894304;783409;5;9;3
"323";2001;40;0,252934;991992;2;4;2
"324";2001;41;0,342973;952282;3;6;2
"325";2001;42;0,303464;878888;3;5;2
"326";2001;44;0,580724;1267494;4;8;2
"327";2001;45;0,512511;1559154;4;8;2
"328";2001;46;0,418828;894580;4;7;2
"329";2001;47;0,469934;1313713;4;7;2
"330";2001;48;0,382302;1189935;3;6;2
"331";2001;49;0,390965;1228129;3;6;2
"332";2001;50;0,351906;1084177;3;6;2
"333";2001;51;0,350868;1079789;3;6;2
"334";2001;52;0,491776;941131;4;8;2
"335";2001;53;0,34985;1265468;3;6;2
"336";2001;54;0,401094;516643;4;7;2
"337";2001;55;0,279147;805580;3;5;2
"338";2001;56;0,309926;849197;3;5;2
"339";2001;57;0,27296;598580;2;4;2
"340";2001;58;0,260934;930406;2;4;2
"341";2001;59;0,418377;1145053;4;7;2
"342";2001;60;0,279189;619157;3;5;2
"343";2001;61;0,035359;451016;1;1;1
"344";2001;63;0,131227;1268562;1;2;1
"345";2001;64;0,138123;802795;1;2;1
"346";2001;65;0,195021;1081652;2;3;2
"347";2001;66;0,416322;1248759;4;7;2
"348";2001;67;0,322112;1033467;3;6;2
"349";2001;68;0,316905;601445;3;6;2
"350";2001;69;0,276407;508992;3;5;2
"351";2001;70;0,141031;821650;2;3;2
"352";2001;71;0;1000158;1;1;1
"353";2001;72;0,11323;1056260;1;2;1
"354";2001;73;0,044857;1006392;1;1;1
"355";2001;74;0,112126;1057532;1;2;1
"356";2001;75;0,088438;484410;1;1;1
"357";2001;76;0,163489;1139769;2;3;2
"358";2001;77;0,098716;478943;1;2;1
"359";2001;78;0,126027;741488;1;2;1
"360";2001;79;0,246193;1040371;2;4;2
"361";2001;80;0,050886;626238;1;1;1
"362";2001;81;0,051059;814923;1;1;1
"363";2001;82;0,089586;735553;1;2;1
"364";2001;83;0,145738;762163;2;3;2
"365";2001;84;0,113627;684830;1;2;1
"366";2001;85;0,067102;1114901;1;1;1
"367";2001;86;0,108009;1164100;1;2;1
"368";2001;87;0,147215;522875;2;3;2
"369";2001;88;0,206202;846572;2;4;2
"370";2001;89;0,058625;763761;1;1;1
"371";2001;90;0,119962;892793;1;2;1
"372";2001;91;0,078055;999919;1;1;1
"373";2001;92;0,157169;516635;2;3;2
"374";2001;93;0,186771;590817;2;3;2
"375";2001;94;0,208345;705807;2;4;2
"376";2001;95;0,261117;497508;2;4;2
"377";2001;96;0,20068;561663;2;3;2
"378";2001;97;0,203101;1061355;2;3;2
"379";2001;98;0,774665;304392;4;8;2
"380";2001;99;0,87008;945552;5;9;3
"381";2002;1;0,895034;1249405;5;10;3
"382";2002;2;0,981207;427271;5;10;3
"383";2002;3;0,956105;295580;5;10;3
"384";2002;4;0,963609;1237778;5;10;3
"385";2002;6;0,978309;1300863;5;10;3
"386";2002;7;0,840368;580033;5;9;3
"387";2002;8;0,867496;601903;5;9;3
"388";2002;9;0,900849;790575;5;10;3
"389";2002;10;0,785889;414467;5;9;3
"390";2002;12;0,784709;1377942;5;9;3
"391";2002;13;0,785872;1173394;5;9;3
"392";2002;14;0,794124;1264837;5;9;3
"393";2002;15;0,817038;627638;5;9;3
"394";2002;16;0,865132;598416;5;9;3
"395";2002;17;1;587834;5;10;3
"396";2002;18;0,950598;607324;5;10;3
"397";2002;19;0,84114;405447;5;9;3
"398";2002;20;0,264935;123873;2;4;2
"399";2002;21;0,300372;1602122;3;5;2
"400";2002;22;0,234402;1103442;2;4;2
"401";2002;23;0,484405;734709;4;7;2
"402";2002;24;0,444465;1096639;4;7;2
"403";2002;25;0,364662;696446;3;6;2
"404";2002;26;0,556227;1174940;4;8;2
"405";2002;27;0,446182;868974;4;7;2
"406";2002;28;0,488851;738882;4;8;2
"407";2002;29;0,539727;522068;4;8;2
"408";2002;30;0,446375;912461;4;7;2
"409";2002;31;0,410742;1019536;4;7;2
"410";2002;32;0,285587;885607;3;5;2
"411";2002;33;0,329838;1082569;3;6;2
"412";2002;34;0,368219;803532;3;6;2
"413";2002;35;0,24599;912547;2;4;2
"414";2002;36;0,314863;534835;3;5;2
"415";2002;37;0,524496;742488;4;8;2
"416";2002;38;0,524428;1171828;4;8;2
"417";2002;39;0,898464;783409;5;10;3
"418";2002;40;0,244347;991992;2;4;2
"419";2002;41;0,332544;952282;3;6;2
"420";2002;42;0,309855;878888;3;5;2
"421";2002;44;0,552094;1267494;4;8;2
"422";2002;45;0,49386;1559154;4;8;2
"423";2002;46;0,399676;894580;4;7;2
"424";2002;47;0,443881;1313713;4;7;2
"425";2002;48;0,3722;1189935;3;6;2
"426";2002;49;0,37381;1228129;3;6;2
"427";2002;50;0,331509;1084177;3;6;2
"428";2002;51;0,330696;1079789;3;6;2
"429";2002;52;0,48886;941131;4;8;2
"430";2002;53;0,34037;1265468;3;6;2
"431";2002;54;0,379951;516643;4;7;2
"432";2002;55;0,273775;805580;3;5;2
"433";2002;56;0,297747;849197;3;5;2
"434";2002;57;0,262946;598580;2;4;2
"435";2002;58;0,253071;930406;2;4;2
"436";2002;59;0,403238;1145053;4;7;2
"437";2002;60;0,30153;619157;3;5;2
"438";2002;61;0,051712;451016;1;1;1
"439";2002;63;0,140656;1268562;1;2;1
"440";2002;64;0,154337;802795;2;3;2
"441";2002;65;0,197264;1081652;2;4;2
"442";2002;66;0,411836;1248759;4;7;2
"443";2002;67;0,333037;1033467;3;6;2
"444";2002;68;0,324207;601445;3;5;2
"445";2002;69;0,287364;508992;3;5;2
"446";2002;70;0,148998;821650;2;3;2
"447";2002;71;0;1000158;1;1;1
"448";2002;72;0,113187;1056260;1;2;1
"449";2002;73;0,056171;1006392;1;1;1
"450";2002;74;0,116742;1057532;1;2;1
"451";2002;75;0,087447;484410;1;1;1
"452";2002;76;0,155649;1139769;2;3;2
"453";2002;77;0,101637;478943;1;1;1
"454";2002;78;0,128791;741488;1;2;1
"455";2002;79;0,242625;1040371;2;4;2
"456";2002;80;0,112078;626238;1;2;1
"457";2002;81;0,112176;814923;1;2;1
"458";2002;82;0,106276;735553;1;2;1
"459";2002;83;0,151663;762163;2;3;2
"460";2002;84;0,099466;684830;1;1;1
"461";2002;85;0,078815;1114901;1;1;1
"462";2002;86;0,117445;1164100;1;2;1
"463";2002;87;0,148921;522875;1;2;1
"464";2002;88;0,195439;846572;2;3;2
"465";2002;89;0,067747;763761;1;1;1
"466";2002;90;0,146508;892793;1;2;1
"467";2002;91;0,086549;999919;1;1;1
"468";2002;92;0,168376;516635;2;3;2
"469";2002;93;0,187455;590817;2;3;2
"470";2002;94;0,189056;705807;2;3;2
"471";2002;95;0,26626;497508;2;4;2
"472";2002;96;0,198622;561663;2;4;2
"473";2002;97;0,197006;1061355;2;3;2
"474";2002;98;0,774633;304392;4;8;2
"475";2002;99;0,84457;945552;5;9;3
"476";2003;1;0,849609;1249405;5;9;3
"477";2003;2;0,957026;427271;5;10;3
"478";2003;3;0,950122;295580;5;10;3
"479";2003;4;0,942051;1237778;5;10;3
"480";2003;6;0,946436;1300863;5;10;3
"481";2003;7;0,843626;580033;5;9;3
"482";2003;8;0,834737;601903;5;9;3
"483";2003;9;0,867059;790575;5;10;3
"484";2003;10;0,792807;414467;5;9;3
"485";2003;12;0,790761;1377942;5;9;3
"486";2003;13;0,792753;1173394;5;9;3
"487";2003;14;0,79266;1264837;5;9;3
"488";2003;15;0,800097;627638;5;9;3
"489";2003;16;0,860436;598416;5;10;3
"490";2003;17;1;587834;5;10;3
"491";2003;18;0,948871;607324;5;10;3
"492";2003;19;0,814986;405447;5;9;3
"493";2003;20;0,269913;123873;2;4;2
"494";2003;21;0,300378;1602122;3;5;2
"495";2003;22;0,237876;1103442;2;4;2
"496";2003;23;0,488603;734709;4;8;2
"497";2003;24;0,443673;1096639;4;7;2
"498";2003;25;0,372317;696446;4;7;2
"499";2003;26;0,524075;1174940;4;8;2
"500";2003;27;0,416638;868974;4;7;2
"501";2003;28;0,465747;738882;4;7;2
"502";2003;29;0,51283;522068;4;8;2
"503";2003;30;0,428425;912461;4;7;2
"504";2003;31;0,382192;1019536;4;7;2
"505";2003;32;0,294302;885607;3;5;2
"506";2003;33;0,316305;1082569;3;6;2
"507";2003;34;0,336804;803532;3;6;2
"508";2003;35;0,223774;912547;2;4;2
"509";2003;36;0,299854;534835;3;5;2
"510";2003;37;0,492425;742488;4;8;2
"511";2003;38;0,483691;1171828;4;8;2
"512";2003;39;0,884929;783409;5;10;3
"513";2003;40;0,243166;991992;2;4;2
"514";2003;41;0,321478;952282;3;6;2
"515";2003;42;0,306531;878888;3;5;2
"516";2003;44;0,54714;1267494;4;8;2
"517";2003;45;0,486613;1559154;4;8;2
"518";2003;46;0,390798;894580;4;7;2
"519";2003;47;0,435388;1313713;4;7;2
"520";2003;48;0,355281;1189935;3;6;2
"521";2003;49;0,339417;1228129;3;6;2
"522";2003;50;0,331552;1084177;3;6;2
"523";2003;51;0,32967;1079789;3;6;2
"524";2003;52;0,490498;941131;4;8;2
"525";2003;53;0,327535;1265468;3;6;2
"526";2003;54;0,345721;516643;3;6;2
"527";2003;55;0,244521;805580;2;4;2
"528";2003;56;0,276472;849197;3;5;2
"529";2003;57;0,242443;598580;2;4;2
"530";2003;58;0,239465;930406;2;4;2
"531";2003;59;0,390007;1145053;4;7;2
"532";2003;60;0,320387;619157;3;6;2
"533";2003;61;0,056252;451016;1;1;1
"534";2003;63;0,143369;1268562;1;2;1
"535";2003;64;0,160792;802795;2;3;2
"536";2003;65;0,195717;1081652;2;4;2
"537";2003;66;0,392233;1248759;4;7;2
"538";2003;67;0,297226;1033467;3;5;2
"539";2003;68;0,315428;601445;3;5;2
"540";2003;69;0,285624;508992;3;5;2
"541";2003;70;0,167316;821650;2;3;2
"542";2003;71;0;1000158;1;1;1
"543";2003;72;0,112948;1056260;1;2;1
"544";2003;73;0,051902;1006392;1;1;1
"545";2003;74;0,117509;1057532;1;2;1
"546";2003;75;0,087484;484410;1;1;1
"547";2003;76;0,150126;1139769;1;2;1
"548";2003;77;0,097665;478943;1;1;1
"549";2003;78;0,130082;741488;1;2;1
"550";2003;79;0,231774;1040371;2;4;2
"551";2003;80;0,143949;626238;1;2;1
"552";2003;81;0,143988;814923;1;2;1
"553";2003;82;0,113204;735553;1;2;1
"554";2003;83;0,158997;762163;2;3;2
"555";2003;84;0,084646;684830;1;1;1
"556";2003;85;0,077694;1114901;1;1;1
"557";2003;86;0,127075;1164100;1;2;1
"558";2003;87;0,144528;522875;1;2;1
"559";2003;88;0,185218;846572;2;3;2
"560";2003;89;0,082416;763761;1;1;1
"561";2003;90;0,165092;892793;2;3;2
"562";2003;91;0,082664;999919;1;1;1
"563";2003;92;0,164626;516635;2;3;2
"564";2003;93;0,181481;590817;2;3;2
"565";2003;94;0,192266;705807;2;3;2
"566";2003;95;0,281134;497508;3;5;2
"567";2003;96;0,206679;561663;2;4;2
"568";2003;97;0,185031;1061355;2;3;2
"569";2003;98;0,776972;304392;4;8;2
"570";2003;99;0,857018;945552;5;9;3
"571";2004;1;0,857959;1249405;5;10;3
"572";2004;2;0,931159;427271;5;10;3
"573";2004;3;0,939033;295580;5;10;3
"574";2004;4;0,928541;1237778;5;10;3
"575";2004;6;0,911729;1300863;5;10;3
"576";2004;7;0,855498;580033;5;9;3
"577";2004;8;0,814019;601903;5;9;3
"578";2004;9;0,847053;790575;5;9;3
"579";2004;10;0,838268;414467;5;9;3
"580";2004;12;0,835883;1377942;5;9;3
"581";2004;13;0,838192;1173394;5;9;3
"582";2004;14;0,812229;1264837;5;9;3
"583";2004;15;0,820762;627638;5;9;3
"584";2004;16;0,870008;598416;5;10;3
"585";2004;17;1;587834;5;10;3
"586";2004;18;0,970668;607324;5;10;3
"587";2004;19;0,827633;405447;5;9;3
"588";2004;20;0,248773;123873;2;4;2
"589";2004;21;0,292856;1602122;3;5;2
"590";2004;22;0,220386;1103442;2;4;2
"591";2004;23;0,479511;734709;4;8;2
"592";2004;24;0,442299;1096639;4;7;2
"593";2004;25;0,346897;696446;3;6;2
"594";2004;26;0,547837;1174940;4;8;2
"595";2004;27;0,423059;868974;4;7;2
"596";2004;28;0,457959;738882;4;8;2
"597";2004;29;0,523252;522068;4;8;2
"598";2004;30;0,451303;912461;4;7;2
"599";2004;31;0,408225;1019536;4;7;2
"600";2004;32;0,256222;885607;2;4;2
"601";2004;33;0,288704;1082569;3;5;2
"602";2004;34;0,326277;803532;3;6;2
"603";2004;35;0,234427;912547;2;4;2
"604";2004;36;0,287116;534835;3;5;2
"605";2004;37;0,517547;742488;4;8;2
"606";2004;38;0,51104;1171828;4;8;2
"607";2004;39;0,864889;783409;5;10;3
"608";2004;40;0,234199;991992;2;4;2
"609";2004;41;0,299055;952282;3;6;2
"610";2004;42;0,265227;878888;3;5;2
"611";2004;44;0,506161;1267494;4;8;2
"612";2004;45;0,453752;1559154;4;7;2
"613";2004;46;0,361821;894580;4;7;2
"614";2004;47;0,412741;1313713;4;7;2
"615";2004;48;0,328679;1189935;3;6;2
"616";2004;49;0,347932;1228129;4;7;2
"617";2004;50;0,333884;1084177;3;6;2
"618";2004;51;0,326864;1079789;3;6;2
"619";2004;52;0,485547;941131;4;8;2
"620";2004;53;0,31968;1265468;3;6;2
"621";2004;54;0,322008;516643;3;6;2
"622";2004;55;0,256494;805580;3;5;2
"623";2004;56;0,267768;849197;3;5;2
"624";2004;57;0,209262;598580;2;4;2
"625";2004;58;0,180819;930406;2;3;2
"626";2004;59;0,352443;1145053;4;7;2
"627";2004;60;0,329251;619157;3;6;2
"628";2004;61;0,104657;451016;1;2;1
"629";2004;63;0,151296;1268562;1;2;1
"630";2004;64;0,180633;802795;2;3;2
"631";2004;65;0,201293;1081652;2;4;2
"632";2004;66;0,356088;1248759;4;7;2
"633";2004;67;0,296434;1033467;3;5;2
"634";2004;68;0,298752;601445;3;6;2
"635";2004;69;0,29122;508992;3;5;2
"636";2004;70;0,159;821650;2;3;2
"637";2004;71;0;1000158;1;1;1
"638";2004;72;0,099902;1056260;1;2;1
"639";2004;73;0,037081;1006392;1;1;1
"640";2004;74;0,104582;1057532;1;2;1
"641";2004;75;0,066296;484410;1;1;1
"642";2004;76;0,138684;1139769;1;2;1
"643";2004;77;0,073944;478943;1;1;1
"644";2004;78;0,111638;741488;1;2;1
"645";2004;79;0,224119;1040371;2;4;2
"646";2004;80;0,162909;626238;2;3;2
"647";2004;81;0,162867;814923;2;3;2
"648";2004;82;0,093267;735553;1;1;1
"649";2004;83;0,138944;762163;1;2;1
"650";2004;84;0,060451;684830;1;1;1
"651";2004;85;0,057483;1114901;1;1;1
"652";2004;86;0,121548;1164100;1;2;1
"653";2004;87;0,132127;522875;1;2;1
"654";2004;88;0,177273;846572;2;3;2
"655";2004;89;0,06043;763761;1;1;1
"656";2004;90;0,16476;892793;2;3;2
"657";2004;91;0,076601;999919;1;1;1
"658";2004;92;0,156987;516635;2;3;2
"659";2004;93;0,140714;590817;1;2;1
"660";2004;94;0,169909;705807;2;3;2
"661";2004;95;0,256325;497508;3;5;2
"662";2004;96;0,191486;561663;2;4;2
"663";2004;97;0,18378;1061355;2;4;2
"664";2004;98;0,770037;304392;4;8;2
"665";2004;99;0,857692;945552;5;9;3
"666";2005;1;0,883413;1249405;5;9;3
"667";2005;2;0,926399;427271;5;10;3
"668";2005;3;0,91091;295580;5;10;3
"669";2005;4;0,974563;1237778;5;10;3
"670";2005;6;0,953715;1300863;5;10;3
"671";2005;7;0,877537;580033;5;9;3
"672";2005;8;0,839442;601903;5;9;3
"673";2005;9;0,872496;790575;5;9;3
"674";2005;10;0,884022;414467;5;10;3
"675";2005;12;0,881153;1377942;5;9;3
"676";2005;13;0,883887;1173394;5;9;3
"677";2005;14;0,827191;1264837;5;9;3
"678";2005;15;0,7905;627638;5;9;3
"679";2005;16;0,861189;598416;5;9;3
"680";2005;17;1;587834;5;10;3
"681";2005;18;0,951403;607324;5;10;3
"682";2005;19;0,831721;405447;5;9;3
"683";2005;20;0,303895;123873;3;5;2
"684";2005;21;0,31629;1602122;3;5;2
"685";2005;22;0,263091;1103442;2;4;2
"686";2005;23;0,507359;734709;4;8;2
"687";2005;24;0,464078;1096639;4;7;2
"688";2005;25;0,356468;696446;3;6;2
"689";2005;26;0,553184;1174940;4;8;2
"690";2005;27;0,442907;868974;4;7;2
"691";2005;28;0,50475;738882;4;8;2
"692";2005;29;0,541987;522068;4;8;2
"693";2005;30;0,504534;912461;4;7;2
"694";2005;31;0,428626;1019536;4;7;2
"695";2005;32;0,281545;885607;3;5;2
"696";2005;33;0,320058;1082569;3;6;2
"697";2005;34;0,365985;803532;3;6;2
"698";2005;35;0,25579;912547;2;4;2
"699";2005;36;0,30306;534835;3;5;2
"700";2005;37;0,517998;742488;4;8;2
"701";2005;38;0,529639;1171828;4;8;2
"702";2005;39;0,907312;783409;5;10;3
"703";2005;40;0,261821;991992;2;4;2
"704";2005;41;0,328027;952282;3;6;2
"705";2005;42;0,312546;878888;3;5;2
"706";2005;44;0,565824;1267494;4;8;2
"707";2005;45;0,496494;1559154;4;7;2
"708";2005;46;0,399163;894580;4;7;2
"709";2005;47;0,443332;1313713;4;7;2
"710";2005;48;0,336837;1189935;3;6;2
"711";2005;49;0,34819;1228129;3;6;2
"712";2005;50;0,376261;1084177;4;7;2
"713";2005;51;0,363863;1079789;3;6;2
"714";2005;52;0,538136;941131;4;8;2
"715";2005;53;0,344317;1265468;3;6;2
"716";2005;54;0,315601;516643;3;5;2
"717";2005;55;0,289357;805580;3;5;2
"718";2005;56;0,277913;849197;2;4;2
"719";2005;57;0,220052;598580;2;4;2
"720";2005;58;0,217356;930406;2;4;2
"721";2005;59;0,367229;1145053;3;6;2
"722";2005;60;0,375194;619157;4;7;2
"723";2005;61;0,090136;451016;1;1;1
"724";2005;63;0,170725;1268562;2;3;2
"725";2005;64;0,194907;802795;2;3;2
"726";2005;65;0,232862;1081652;2;4;2
"727";2005;66;0,37609;1248759;4;7;2
"728";2005;67;0,31119;1033467;3;5;2
"729";2005;68;0,33455;601445;3;6;2
"730";2005;69;0,29761;508992;3;5;2
"731";2005;70;0,188585;821650;2;3;2
"732";2005;71;0;1000158;1;1;1
"733";2005;72;0,094824;1056260;1;2;1
"734";2005;73;0,042643;1006392;1;1;1
"735";2005;74;0,093768;1057532;1;2;1
"736";2005;75;0,067239;484410;1;1;1
"737";2005;76;0,14857;1139769;1;2;1
"738";2005;77;0,062824;478943;1;1;1
"739";2005;78;0,101422;741488;1;2;1
"740";2005;79;0,22993;1040371;2;4;2
"741";2005;80;0,187873;626238;2;3;2
"742";2005;81;0,187795;814923;2;3;2
"743";2005;82;0,10523;735553;1;2;1
"744";2005;83;0,129135;762163;1;2;1
"745";2005;84;0,053271;684830;1;1;1
"746";2005;85;0,057736;1114901;1;1;1
"747";2005;86;0,122312;1164100;1;2;1
"748";2005;87;0,1088;522875;1;2;1
"749";2005;88;0,159874;846572;2;3;2
"750";2005;89;0,061285;763761;1;1;1
"751";2005;90;0,195234;892793;2;4;2
"752";2005;91;0,075417;999919;1;1;1
"753";2005;92;0,155434;516635;1;2;1
"754";2005;93;0,136613;590817;1;2;1
"755";2005;94;0,175642;705807;2;3;2
"756";2005;95;0,274975;497508;2;4;2
"757";2005;96;0,179884;561663;2;3;2
"758";2005;97;0,174597;1061355;2;3;2
"759";2005;98;0,780193;304392;4;8;2
"760";2005;99;0,897035;945552;5;10;3
"761";2006;1;0,901625;1249405;5;9;3
"762";2006;2;0,941819;427271;5;10;3
"763";2006;3;0,936509;295580;5;10;3
"764";2006;4;0,98681;1237778;5;10;3
"765";2006;6;0,963005;1300863;5;10;3
"766";2006;7;0,880061;580033;5;9;3
"767";2006;8;0,851877;601903;5;9;3
"768";2006;9;0,889744;790575;5;9;3
"769";2006;10;0,936952;414467;5;10;3
"770";2006;12;0,933098;1377942;5;10;3
"771";2006;13;0,936779;1173394;5;10;3
"772";2006;14;0,839773;1264837;5;9;3
"773";2006;15;0,777489;627638;5;9;3
"774";2006;16;0,867513;598416;5;9;3
"775";2006;17;1;587834;5;10;3
"776";2006;18;0,957517;607324;5;10;3
"777";2006;19;0,822784;405447;5;9;3
"778";2006;20;0,301192;123873;3;5;2
"779";2006;21;0,321504;1602122;3;5;2
"780";2006;22;0,259834;1103442;2;4;2
"781";2006;23;0,503921;734709;4;7;2
"782";2006;24;0,469445;1096639;4;7;2
"783";2006;25;0,360403;696446;3;6;2
"784";2006;26;0,551237;1174940;4;8;2
"785";2006;27;0,456599;868974;4;7;2
"786";2006;28;0,533075;738882;4;8;2
"787";2006;29;0,557744;522068;4;8;2
"788";2006;30;0,520138;912461;4;7;2
"789";2006;31;0,449543;1019536;4;7;2
"790";2006;32;0,30531;885607;3;5;2
"791";2006;33;0,331298;1082569;3;5;2
"792";2006;34;0,366921;803532;3;6;2
"793";2006;35;0,258913;912547;2;4;2
"794";2006;36;0,290895;534835;3;5;2
"795";2006;37;0,543825;742488;4;8;2
"796";2006;38;0,545186;1171828;4;8;2
"797";2006;39;0,926389;783409;5;9;3
"798";2006;40;0,330271;991992;3;5;2
"799";2006;41;0,36554;952282;3;6;2
"800";2006;42;0,360936;878888;3;6;2
"801";2006;44;0,619715;1267494;4;8;2
"802";2006;45;0,558759;1559154;4;8;2
"803";2006;46;0,423578;894580;4;7;2
"804";2006;47;0,493183;1313713;4;7;2
"805";2006;48;0,339369;1189935;3;6;2
"806";2006;49;0,339148;1228129;3;6;2
"807";2006;50;0,417973;1084177;4;7;2
"808";2006;51;0,403113;1079789;3;6;2
"809";2006;52;0,576878;941131;4;8;2
"810";2006;53;0,387103;1265468;3;6;2
"811";2006;54;0,3226;516643;3;5;2
"812";2006;55;0,286299;805580;2;4;2
"813";2006;56;0,271623;849197;2;4;2
"814";2006;57;0,217818;598580;2;3;2
"815";2006;58;0,23237;930406;2;4;2
"816";2006;59;0,378109;1145053;3;6;2
"817";2006;60;0,416842;619157;4;7;2
"818";2006;61;0,104427;451016;1;2;1
"819";2006;63;0,177345;1268562;2;3;2
"820";2006;64;0,213842;802795;2;3;2
"821";2006;65;0,26641;1081652;2;4;2
"822";2006;66;0,408982;1248759;4;7;2
"823";2006;67;0,316736;1033467;3;5;2
"824";2006;68;0,372175;601445;3;6;2
"825";2006;69;0,329641;508992;3;5;2
"826";2006;70;0,195129;821650;2;3;2
"827";2006;71;0;1000158;1;1;1
"828";2006;72;0,098108;1056260;1;2;1
"829";2006;73;0,045295;1006392;1;1;1
"830";2006;74;0,081612;1057532;1;1;1
"831";2006;75;0,086599;484410;1;1;1
"832";2006;76;0,150409;1139769;1;2;1
"833";2006;77;0,073605;478943;1;1;1
"834";2006;78;0,106088;741488;1;2;1
"835";2006;79;0,238319;1040371;2;4;2
"836";2006;80;0,241882;626238;2;4;2
"837";2006;81;0,241661;814923;2;4;2
"838";2006;82;0,101137;735553;1;2;1
"839";2006;83;0,126531;762163;1;2;1
"840";2006;84;0,062162;684830;1;1;1
"841";2006;85;0,058428;1114901;1;1;1
"842";2006;86;0,115168;1164100;1;2;1
"843";2006;87;0,098213;522875;1;2;1
"844";2006;88;0,153235;846572;2;3;2
"845";2006;89;0,053819;763761;1;1;1
"846";2006;90;0,204425;892793;2;3;2
"847";2006;91;0,064777;999919;1;1;1
"848";2006;92;0,141943;516635;1;2;1
"849";2006;93;0,127705;590817;1;2;1
"850";2006;94;0,158079;705807;2;3;2
"851";2006;95;0,268754;497508;2;4;2
"852";2006;96;0,174556;561663;2;3;2
"853";2006;97;0,171506;1061355;2;3;2
"854";2006;98;0,773255;304392;4;8;2
"855";2006;99;0,889155;945552;5;9;3
"856";2007;1;0,897336;1249405;5;9;3
"857";2007;2;0,946407;427271;5;10;3
"858";2007;3;0,923079;295580;5;9;3
"859";2007;4;0,98396;1237778;5;10;3
"860";2007;6;1;1300863;5;10;3
"861";2007;7;0,864696;580033;5;9;3
"862";2007;8;0,824021;601903;5;9;3
"863";2007;9;0,86445;790575;5;9;3
"864";2007;10;0,951521;414467;5;10;3
"865";2007;12;0,947413;1377942;5;10;3
"866";2007;13;0,95133;1173394;5;10;3
"867";2007;14;0,833451;1264837;5;9;3
"868";2007;15;0,741632;627638;4;8;2
"869";2007;16;0,850822;598416;5;9;3
"870";2007;17;0,993769;587834;5;10;3
"871";2007;18;0,94831;607324;5;10;3
"872";2007;19;0,802581;405447;5;9;3
"873";2007;20;0,325843;123873;3;5;2
"874";2007;21;0,327891;1602122;3;5;2
"875";2007;22;0,277791;1103442;3;5;2
"876";2007;23;0,516864;734709;4;7;2
"877";2007;24;0,478206;1096639;4;7;2
"878";2007;25;0,329291;696446;3;6;2
"879";2007;26;0,569108;1174940;4;8;2
"880";2007;27;0,441252;868974;4;7;2
"881";2007;28;0,521976;738882;4;8;2
"882";2007;29;0,562255;522068;4;8;2
"883";2007;30;0,517552;912461;4;7;2
"884";2007;31;0,44863;1019536;4;7;2
"885";2007;32;0,287023;885607;3;5;2
"886";2007;33;0,305747;1082569;3;5;2
"887";2007;34;0,338838;803532;3;6;2
"888";2007;35;0,235272;912547;2;4;2
"889";2007;36;0,266957;534835;2;4;2
"890";2007;37;0,539958;742488;4;8;2
"891";2007;38;0,570232;1171828;4;8;2
"892";2007;39;0,948508;783409;5;10;3
"893";2007;40;0,324113;991992;3;5;2
"894";2007;41;0,344364;952282;3;6;2
"895";2007;42;0,352413;878888;3;6;2
"896";2007;44;0,615027;1267494;4;8;2
"897";2007;45;0,547843;1559154;4;8;2
"898";2007;46;0,441312;894580;4;7;2
"899";2007;47;0,491714;1313713;4;7;2
"900";2007;48;0,340148;1189935;3;6;2
"901";2007;49;0,330296;1228129;3;6;2
"902";2007;50;0,408222;1084177;4;7;2
"903";2007;51;0,394662;1079789;3;6;2
"904";2007;52;0,58222;941131;4;8;2
"905";2007;53;0,395152;1265468;3;6;2
"906";2007;54;0,309192;516643;3;5;2
"907";2007;55;0,27604;805580;2;4;2
"908";2007;56;0,247665;849197;2;4;2
"909";2007;57;0,176997;598580;2;3;2
"910";2007;58;0,217215;930406;2;3;2
"911";2007;59;0,36972;1145053;3;6;2
"912";2007;60;0,42894;619157;4;7;2
"913";2007;61;0,065467;451016;1;2;1
"914";2007;63;0,168763;1268562;2;3;2
"915";2007;64;0,184106;802795;2;3;2
"916";2007;65;0,252123;1081652;2;4;2
"917";2007;66;0,401671;1248759;4;7;2
"918";2007;67;0,308552;1033467;3;5;2
"919";2007;68;0,346573;601445;3;6;2
"920";2007;69;0,321029;508992;3;5;2
"921";2007;70;0,221677;821650;2;4;2
"922";2007;71;0;1000158;1;1;1
"923";2007;72;0,081767;1056260;1;2;1
"924";2007;73;0,027209;1006392;1;1;1
"925";2007;74;0,055764;1057532;1;1;1
"926";2007;75;0,062293;484410;1;1;1
"927";2007;76;0,148733;1139769;2;3;2
"928";2007;77;0,058565;478943;1;1;1
"929";2007;78;0,074728;741488;1;2;1
"930";2007;79;0,233314;1040371;2;4;2
"931";2007;80;0,248662;626238;2;4;2
"932";2007;81;0,248359;814923;2;4;2
"933";2007;82;0,063774;735553;1;2;1
"934";2007;83;0,084627;762163;1;2;1
"935";2007;84;0,021856;684830;1;1;1
"936";2007;85;0,02217;1114901;1;1;1
"937";2007;86;0,076001;1164100;1;2;1
"938";2007;87;0,07111;522875;1;2;1
"939";2007;88;0,128062;846572;1;2;1
"940";2007;89;0,019317;763761;1;1;1
"941";2007;90;0,175802;892793;2;3;2
"942";2007;91;0,019486;999919;1;1;1
"943";2007;92;0,109867;516635;1;2;1
"944";2007;93;0,089293;590817;1;2;1
"945";2007;94;0,13057;705807;2;3;2
"946";2007;95;0,228447;497508;2;4;2
"947";2007;96;0,129956;561663;2;3;2
"948";2007;97;0,139793;1061355;2;3;2
"949";2007;98;0,753735;304392;5;9;3
"950";2007;99;0,886498;945552;5;9;3
"951";2008;1;0,909072;1249405;5;9;3
"952";2008;2;0,937649;427271;5;10;3
"953";2008;3;0,912005;295580;5;10;3
"954";2008;4;1;1237778;5;10;3
"955";2008;6;0,949837;1300863;5;10;3
"956";2008;7;0,863323;580033;5;9;3
"957";2008;8;0,815878;601903;5;9;3
"958";2008;9;0,863983;790575;5;9;3
"959";2008;10;0,964887;414467;5;10;3
"960";2008;12;0,960605;1377942;5;10;3
"961";2008;13;0,964659;1173394;5;10;3
"962";2008;14;0,83855;1264837;5;9;3
"963";2008;15;0,730778;627638;4;8;2
"964";2008;16;0,824064;598416;5;9;3
"965";2008;17;0,975089;587834;5;10;3
"966";2008;18;0,94224;607324;5;10;3
"967";2008;19;0,813963;405447;5;9;3
"968";2008;20;0,357005;123873;3;6;2
"969";2008;21;0,342906;1602122;3;5;2
"970";2008;22;0,296011;1103442;3;5;2
"971";2008;23;0,519523;734709;4;7;2
"972";2008;24;0,505365;1096639;4;7;2
"973";2008;25;0,342689;696446;3;5;2
"974";2008;26;0,566206;1174940;4;8;2
"975";2008;27;0,458816;868974;4;7;2
"976";2008;28;0,503904;738882;4;7;2
"977";2008;29;0,575389;522068;4;8;2
"978";2008;30;0,5234;912461;4;8;2
"979";2008;31;0,461463;1019536;4;7;2
"980";2008;32;0,286924;885607;2;4;2
"981";2008;33;0,321997;1082569;3;5;2
"982";2008;34;0,406959;803532;3;6;2
"983";2008;35;0,279945;912547;2;4;2
"984";2008;36;0,331652;534835;3;5;2
"985";2008;37;0,559913;742488;4;8;2
"986";2008;38;0,551975;1171828;4;8;2
"987";2008;39;0,895899;783409;5;9;3
"988";2008;40;0,339336;991992;3;5;2
"989";2008;41;0,347699;952282;3;5;2
"990";2008;42;0,373074;878888;3;6;2
"991";2008;44;0,637897;1267494;4;8;2
"992";2008;45;0,574438;1559154;4;8;2
"993";2008;46;0,424726;894580;4;7;2
"994";2008;47;0,501455;1313713;4;7;2
"995";2008;48;0,351323;1189935;3;6;2
"996";2008;49;0,359406;1228129;3;6;2
"997";2008;50;0,43636;1084177;4;7;2
"998";2008;51;0,408018;1079789;4;7;2
"999";2008;52;0,611489;941131;4;8;2
"1000";2008;53;0,404219;1265468;3;6;2
"1001";2008;54;0,348602;516643;3;5;2
"1002";2008;55;0,2919;805580;2;4;2
"1003";2008;56;0,259676;849197;2;4;2
"1004";2008;57;0,182929;598580;2;3;2
"1005";2008;58;0,209182;930406;2;3;2
"1006";2008;59;0,37007;1145053;3;6;2
"1007";2008;60;0,393279;619157;3;6;2
"1008";2008;61;0,060585;451016;1;2;1
"1009";2008;63;0,200187;1268562;2;3;2
"1010";2008;64;0,208358;802795;2;3;2
"1011";2008;65;0,261746;1081652;2;4;2
"1012";2008;66;0,435724;1248759;4;7;2
"1013";2008;67;0,315532;1033467;3;5;2
"1014";2008;68;0,375742;601445;3;6;2
"1015";2008;69;0,348944;508992;3;6;2
"1016";2008;70;0,24824;821650;2;4;2
"1017";2008;71;0,02079;1000158;1;1;1
"1018";2008;72;0,096014;1056260;1;2;1
"1019";2008;73;0,030037;1006392;1;1;1
"1020";2008;74;0,055815;1057532;1;2;1
"1021";2008;75;0,05353;484410;1;1;1
"1022";2008;76;0,162259;1139769;2;3;2
"1023";2008;77;0,053263;478943;1;1;1
"1024";2008;78;0,085845;741488;1;2;1
"1025";2008;79;0,264427;1040371;2;4;2
"1026";2008;80;0,214823;626238;2;4;2
"1027";2008;81;0,214497;814923;2;4;2
"1028";2008;82;0,040944;735553;1;1;1
"1029";2008;83;0,11421;762163;1;2;1
"1030";2008;84;0,049485;684830;1;1;1
"1031";2008;85;0;1114901;1;1;1
"1032";2008;86;0,096823;1164100;1;2;1
"1033";2008;87;0,080564;522875;1;2;1
"1034";2008;88;0,156041;846572;2;3;2
"1035";2008;89;0,015474;763761;1;1;1
"1036";2008;90;0,16428;892793;2;3;2
"1037";2008;91;0,050034;999919;1;1;1
"1038";2008;92;0,132637;516635;1;2;1
"1039";2008;93;0,124197;590817;1;2;1
"1040";2008;94;0,144584;705807;1;2;1
"1041";2008;95;0,259588;497508;2;4;2
"1042";2008;96;0,146018;561663;2;3;2
"1043";2008;97;0,167619;1061355;2;3;2
"1044";2008;98;0,740593;304392;5;9;3
"1045";2008;99;0,882219;945552;5;9;3
"1046";2009;1;0,915019;1249405;5;10;3
"1047";2009;2;0,910201;427271;5;10;3
"1048";2009;3;0,882054;295580;5;9;3
"1049";2009;4;0,973296;1237778;5;10;3
"1050";2009;6;0,92587;1300863;5;10;3
"1051";2009;7;0,85452;580033;5;9;3
"1052";2009;8;0,829051;601903;5;9;3
"1053";2009;9;0,878388;790575;5;9;3
"1054";2009;10;1;414467;5;10;3
"1055";2009;12;0,994732;1377942;5;10;3
"1056";2009;13;0,999729;1173394;5;10;3
"1057";2009;14;0,848513;1264837;5;9;3
"1058";2009;15;0,704061;627638;4;8;2
"1059";2009;16;0,798305;598416;5;9;3
"1060";2009;17;0,924665;587834;5;10;3
"1061";2009;18;0,891362;607324;5;10;3
"1062";2009;19;0,737185;405447;5;9;3
"1063";2009;20;0,344103;123873;3;5;2
"1064";2009;21;0,337638;1602122;3;5;2
"1065";2009;22;0,287668;1103442;2;4;2
"1066";2009;23;0,502243;734709;4;7;2
"1067";2009;24;0,491154;1096639;4;7;2
"1068";2009;25;0,33226;696446;3;5;2
"1069";2009;26;0,562553;1174940;4;8;2
"1070";2009;27;0,442935;868974;4;7;2
"1071";2009;28;0,579972;738882;4;8;2
"1072";2009;29;0,549516;522068;4;8;2
"1073";2009;30;0,540511;912461;4;7;2
"1074";2009;31;0,470262;1019536;4;7;2
"1075";2009;32;0,286925;885607;2;4;2
"1076";2009;33;0,33915;1082569;3;5;2
"1077";2009;34;0,400628;803532;3;6;2
"1078";2009;35;0,298102;912547;2;4;2
"1079";2009;36;0,334287;534835;3;5;2
"1080";2009;37;0,572108;742488;4;8;2
"1081";2009;38;0,55442;1171828;4;8;2
"1082";2009;39;0,872549;783409;5;9;3
"1083";2009;40;0,327833;991992;3;5;2
"1084";2009;41;0,357162;952282;3;6;2
"1085";2009;42;0,417679;878888;3;6;2
"1086";2009;44;0,646495;1267494;4;8;2
"1087";2009;45;0,567971;1559154;4;8;2
"1088";2009;46;0,41126;894580;3;6;2
"1089";2009;47;0,487843;1313713;4;7;2
"1090";2009;48;0,354872;1189935;3;6;2
"1091";2009;49;0,352055;1228129;3;6;2
"1092";2009;50;0,432664;1084177;4;7;2
"1093";2009;51;0,434429;1079789;4;7;2
"1094";2009;52;0,617178;941131;4;8;2
"1095";2009;53;0,390526;1265468;3;6;2
"1096";2009;54;0,312631;516643;3;5;2
"1097";2009;55;0,271984;805580;2;4;2
"1098";2009;56;0,223547;849197;2;3;2
"1099";2009;57;0,177744;598580;2;3;2
"1100";2009;58;0,249344;930406;2;4;2
"1101";2009;59;0,379581;1145053;3;6;2
"1102";2009;60;0,420031;619157;3;6;2
"1103";2009;61;0,088092;451016;1;1;1
"1104";2009;63;0,202211;1268562;2;3;2
"1105";2009;64;0,204082;802795;2;3;2
"1106";2009;65;0,275971;1081652;2;4;2
"1107";2009;66;0,437378;1248759;4;7;2
"1108";2009;67;0,305635;1033467;3;5;2
"1109";2009;68;0,427276;601445;4;7;2
"1110";2009;69;0,41146;508992;3;6;2
"1111";2009;70;0,342811;821650;3;5;2
"1112";2009;71;0,070307;1000158;1;1;1
"1113";2009;72;0,152498;1056260;1;2;1
"1114";2009;73;0,102965;1006392;1;2;1
"1115";2009;74;0,080113;1057532;1;1;1
"1116";2009;75;0,130983;484410;1;2;1
"1117";2009;76;0,182574;1139769;2;3;2
"1118";2009;77;0,101806;478943;1;2;1
"1119";2009;78;0,14782;741488;1;2;1
"1120";2009;79;0,28176;1040371;2;4;2
"1121";2009;80;0,266332;626238;2;4;2
"1122";2009;81;0,265929;814923;2;4;2
"1123";2009;82;0,070156;735553;1;1;1
"1124";2009;83;0,111346;762163;1;2;1
"1125";2009;84;0,037705;684830;1;1;1
"1126";2009;85;0;1114901;1;1;1
"1127";2009;86;0,078026;1164100;1;1;1
"1128";2009;87;0,097994;522875;1;2;1
"1129";2009;88;0,188405;846572;2;3;2
"1130";2009;89;0,038572;763761;1;1;1
"1131";2009;90;0,184202;892793;2;3;2
"1132";2009;91;0,050225;999919;1;1;1
"1133";2009;92;0,128048;516635;1;2;1
"1134";2009;93;0,122323;590817;1;2;1
"1135";2009;94;0,163676;705807;2;3;2
"1136";2009;95;0,255622;497508;2;4;2
"1137";2009;96;0,150091;561663;1;2;1
"1138";2009;97;0,176398;1061355;2;3;2
"1139";2009;98;0,740421;304392;5;9;3
"1140";2009;99;0,864252;945552;5;9;3
"1141";2010;1;0,902126;1249405;5;10;3
"1142";2010;2;0,894238;427271;5;10;3
"1143";2010;3;0,853529;295580;5;9;3
"1144";2010;4;0,944115;1237778;5;10;3
"1145";2010;6;0,888309;1300863;5;10;3
"1146";2010;7;0,840823;580033;5;9;3
"1147";2010;8;0,789698;601903;5;9;3
"1148";2010;9;0,830918;790575;5;9;3
"1149";2010;10;1;414467;5;10;3
"1150";2010;12;0,994792;1377942;5;10;3
"1151";2010;13;0,999724;1173394;5;10;3
"1152";2010;14;0,853901;1264837;5;9;3
"1153";2010;15;0,693284;627638;4;8;2
"1154";2010;16;0,774092;598416;5;9;3
"1155";2010;17;0,898989;587834;5;10;3
"1156";2010;18;0,870279;607324;5;10;3
"1157";2010;19;0,708377;405447;5;9;3
"1158";2010;20;0,399845;123873;3;6;2
"1159";2010;21;0,36931;1602122;3;6;2
"1160";2010;22;0,329105;1103442;3;5;2
"1161";2010;23;0,484674;734709;4;7;2
"1162";2010;24;0,499875;1096639;4;7;2
"1163";2010;25;0,317982;696446;2;4;2
"1164";2010;26;0,573807;1174940;4;8;2
"1165";2010;27;0,457802;868974;4;7;2
"1166";2010;28;0,606354;738882;4;8;2
"1167";2010;29;0,530218;522068;4;7;2
"1168";2010;30;0,573046;912461;4;8;2
"1169";2010;31;0,483521;1019536;4;7;2
"1170";2010;32;0,289083;885607;2;4;2
"1171";2010;33;0,348054;1082569;3;5;2
"1172";2010;34;0,380319;803532;3;6;2
"1173";2010;35;0,301911;912547;2;4;2
"1174";2010;36;0,303351;534835;2;4;2
"1175";2010;37;0,559352;742488;4;8;2
"1176";2010;38;0,560207;1171828;4;8;2
"1177";2010;39;0,842922;783409;5;9;3
"1178";2010;40;0,365425;991992;3;6;2
"1179";2010;41;0,352051;952282;3;5;2
"1180";2010;42;0,415169;878888;3;6;2
"1181";2010;44;0,69964;1267494;5;9;3
"1182";2010;45;0,594999;1559154;4;8;2
"1183";2010;46;0,413426;894580;3;6;2
"1184";2010;47;0,500015;1313713;4;7;2
"1185";2010;48;0,360961;1189935;3;5;2
"1186";2010;49;0,362958;1228129;3;5;2
"1187";2010;50;0,450795;1084177;4;7;2
"1188";2010;51;0,446404;1079789;4;7;2
"1189";2010;52;0,61991;941131;4;8;2
"1190";2010;53;0,405925;1265468;3;6;2
"1191";2010;54;0,332907;516643;3;5;2
"1192";2010;55;0,291701;805580;2;4;2
"1193";2010;56;0,225819;849197;2;3;2
"1194";2010;57;0,182769;598580;2;3;2
"1195";2010;58;0,259182;930406;2;4;2
"1196";2010;59;0,392702;1145053;3;6;2
"1197";2010;60;0,464838;619157;4;7;2
"1198";2010;61;0,137641;451016;1;2;1
"1199";2010;63;0,208128;1268562;2;3;2
"1200";2010;64;0,235305;802795;2;3;2
"1201";2010;65;0,325081;1081652;3;5;2
"1202";2010;66;0,418354;1248759;3;6;2
"1203";2010;67;0,31946;1033467;3;5;2
"1204";2010;68;0,419066;601445;4;7;2
"1205";2010;69;0,399904;508992;3;6;2
"1206";2010;70;0,364794;821650;3;5;2
"1207";2010;71;0,051087;1000158;1;1;1
"1208";2010;72;0,141781;1056260;2;3;2
"1209";2010;73;0,081736;1006392;1;2;1
"1210";2010;74;0,039679;1057532;1;1;1
"1211";2010;75;0,092768;484410;1;2;1
"1212";2010;76;0,177184;1139769;2;3;2
"1213";2010;77;0,06069;478943;1;1;1
"1214";2010;78;0,110052;741488;1;2;1
"1215";2010;79;0,27913;1040371;2;4;2
"1216";2010;80;0,304541;626238;2;4;2
"1217";2010;81;0,304135;814923;2;4;2
"1218";2010;82;0,072548;735553;1;1;1
"1219";2010;83;0,115915;762163;1;2;1
"1220";2010;84;0,009967;684830;1;1;1
"1221";2010;85;0;1114901;1;1;1
"1222";2010;86;0,072364;1164100;1;1;1
"1223";2010;87;0,074859;522875;1;2;1
"1224";2010;88;0,16115;846572;2;3;2
"1225";2010;89;0,005662;763761;1;1;1
"1226";2010;90;0,181921;892793;2;3;2
"1227";2010;91;0,028913;999919;1;1;1
"1228";2010;92;0,109128;516635;1;2;1
"1229";2010;93;0,096804;590817;1;2;1
"1230";2010;94;0,134756;705807;1;2;1
"1231";2010;95;0,237644;497508;2;4;2
"1232";2010;96;0,121871;561663;1;2;1
"1233";2010;97;0,154575;1061355;2;3;2
"1234";2010;98;0,698451;304392;4;8;2
"1235";2010;99;0,808103;945552;5;9;3
"1236";2011;1;0,908807;1249405;5;10;3
"1237";2011;2;0,87655;427271;5;10;3
"1238";2011;3;0,850135;295580;5;9;3
"1239";2011;4;0,926308;1237778;5;10;3
"1240";2011;6;0,893965;1300863;5;10;3
"1241";2011;7;0,806813;580033;5;9;3
"1242";2011;8;0,762552;601903;5;9;3
"1243";2011;9;0,813894;790575;5;9;3
"1244";2011;10;1;414467;5;10;3
"1245";2011;12;0,994824;1377942;5;10;3
"1246";2011;13;0,999702;1173394;5;10;3
"1247";2011;14;0,856248;1264837;5;9;3
"1248";2011;15;0,683317;627638;5;9;3
"1249";2011;16;0,744648;598416;5;9;3
"1250";2011;17;0,899112;587834;5;10;3
"1251";2011;18;0,876871;607324;5;10;3
"1252";2011;19;0,679081;405447;4;8;2
"1253";2011;20;0,348174;123873;3;5;2
"1254";2011;21;0,337003;1602122;3;5;2
"1255";2011;22;0,284736;1103442;2;4;2
"1256";2011;23;0,492553;734709;4;7;2
"1257";2011;24;0,497967;1096639;4;7;2
"1258";2011;25;0,296462;696446;2;4;2
"1259";2011;26;0,585072;1174940;4;8;2
"1260";2011;27;0,45495;868974;4;7;2
"1261";2011;28;0,582984;738882;4;8;2
"1262";2011;29;0,556453;522068;4;8;2
"1263";2011;30;0,55849;912461;4;8;2
"1264";2011;31;0,500139;1019536;4;7;2
"1265";2011;32;0,284525;885607;2;4;2
"1266";2011;33;0,35494;1082569;3;5;2
"1267";2011;34;0,381075;803532;3;6;2
"1268";2011;35;0,314503;912547;2;4;2
"1269";2011;36;0,305825;534835;2;4;2
"1270";2011;37;0,553574;742488;4;8;2
"1271";2011;38;0,549922;1171828;4;7;2
"1272";2011;39;0,820057;783409;5;9;3
"1273";2011;40;0,364556;991992;3;5;2
"1274";2011;41;0,353137;952282;3;5;2
"1275";2011;42;0,408453;878888;3;6;2
"1276";2011;44;0,701052;1267494;5;9;3
"1277";2011;45;0,604758;1559154;4;8;2
"1278";2011;46;0,413478;894580;3;6;2
"1279";2011;47;0,499983;1313713;4;7;2
"1280";2011;48;0,376477;1189935;3;6;2
"1281";2011;49;0,355985;1228129;3;5;2
"1282";2011;50;0,463507;1084177;4;7;2
"1283";2011;51;0,462975;1079789;4;7;2
"1284";2011;52;0,621692;941131;4;8;2
"1285";2011;53;0,373346;1265468;3;5;2
"1286";2011;54;0,366662;516643;3;5;2
"1287";2011;55;0,327876;805580;2;4;2
"1288";2011;56;0,258683;849197;2;4;2
"1289";2011;57;0,167702;598580;2;3;2
"1290";2011;58;0,240638;930406;2;3;2
"1291";2011;59;0,379273;1145053;3;6;2
"1292";2011;60;0,520661;619157;4;7;2
"1293";2011;61;0,15082;451016;2;3;2
"1294";2011;63;0,225257;1268562;2;3;2
"1295";2011;64;0,256977;802795;2;4;2
"1296";2011;65;0,348282;1081652;3;5;2
"1297";2011;66;0,421661;1248759;4;7;2
"1298";2011;67;0,31954;1033467;2;4;2
"1299";2011;68;0,379277;601445;3;6;2
"1300";2011;69;0,398434;508992;3;6;2
"1301";2011;70;0,391831;821650;3;6;2
"1302";2011;71;0,042066;1000158;1;1;1
"1303";2011;72;0,112383;1056260;1;2;1
"1304";2011;73;0,052574;1006392;1;1;1
"1305";2011;74;0,012083;1057532;1;1;1
"1306";2011;75;0,071068;484410;1;2;1
"1307";2011;76;0,165721;1139769;2;3;2
"1308";2011;77;0,045728;478943;1;1;1
"1309";2011;78;0,078741;741488;1;2;1
"1310";2011;79;0,246458;1040371;2;4;2
"1311";2011;80;0,375378;626238;3;6;2
"1312";2011;81;0,374755;814923;3;6;2
"1313";2011;82;0,065406;735553;1;1;1
"1314";2011;83;0,117337;762163;1;2;1
"1315";2011;84;0,010019;684830;1;1;1
"1316";2011;85;0;1114901;1;1;1
"1317";2011;86;0,101977;1164100;1;2;1
"1318";2011;87;0,083013;522875;1;2;1
"1319";2011;88;0,140031;846572;1;2;1
"1320";2011;89;0,004789;763761;1;1;1
"1321";2011;90;0,199897;892793;2;3;2
"1322";2011;91;0,048779;999919;1;1;1
"1323";2011;92;0,098419;516635;1;2;1
"1324";2011;93;0,118883;590817;1;2;1
"1325";2011;94;0,141243;705807;2;3;2
"1326";2011;95;0,241346;497508;2;3;2
"1327";2011;96;0,127712;561663;1;2;1
"1328";2011;97;0,157573;1061355;2;3;2
"1329";2011;98;0,662326;304392;4;8;2
"1330";2011;99;0,798095;945552;5;9;3
"1331";2012;1;0,922177;1249405;5;10;3
"1332";2012;2;0,891544;427271;5;10;3
"1333";2012;3;0,873758;295580;5;9;3
"1334";2012;4;0,939162;1237778;5;10;3
"1335";2012;6;0,908195;1300863;5;10;3
"1336";2012;7;0,846803;580033;5;9;3
"1337";2012;8;0,776055;601903;5;9;3
"1338";2012;9;0,836788;790575;5;9;3
"1339";2012;10;1;414467;5;10;3
"1340";2012;12;0,995317;1377942;5;10;3
"1341";2012;13;0,999735;1173394;5;10;3
"1342";2012;14;0,872723;1264837;5;9;3
"1343";2012;15;0,7223;627638;5;9;3
"1344";2012;16;0,790697;598416;5;9;3
"1345";2012;17;0,935436;587834;5;10;3
"1346";2012;18;0,917364;607324;5;10;3
"1347";2012;19;0,732822;405447;5;9;3
"1348";2012;20;0,361841;123873;3;5;2
"1349";2012;21;0,345351;1602122;3;5;2
"1350";2012;22;0,300482;1103442;2;4;2
"1351";2012;23;0,499155;734709;4;7;2
"1352";2012;24;0,514315;1096639;4;7;2
"1353";2012;25;0,310615;696446;2;4;2
"1354";2012;26;0,541668;1174940;4;8;2
"1355";2012;27;0,443721;868974;4;7;2
"1356";2012;28;0,611601;738882;4;8;2
"1357";2012;29;0,532566;522068;4;7;2
"1358";2012;30;0,55964;912461;4;8;2
"1359";2012;31;0,487553;1019536;4;7;2
"1360";2012;32;0,308371;885607;2;4;2
"1361";2012;33;0,378642;1082569;3;5;2
"1362";2012;34;0,397694;803532;3;6;2
"1363";2012;35;0,343355;912547;3;5;2
"1364";2012;36;0,322287;534835;2;4;2
"1365";2012;37;0,547692;742488;4;8;2
"1366";2012;38;0,530244;1171828;4;7;2
"1367";2012;39;0,85745;783409;5;9;3
"1368";2012;40;0,379174;991992;3;5;2
"1369";2012;41;0,391622;952282;3;6;2
"1370";2012;42;0,441513;878888;4;7;2
"1371";2012;44;0,696;1267494;4;8;2
"1372";2012;45;0,627222;1559154;4;8;2
"1373";2012;46;0,433027;894580;3;6;2
"1374";2012;47;0,520207;1313713;4;7;2
"1375";2012;48;0,390018;1189935;3;6;2
"1376";2012;49;0,333497;1228129;3;5;2
"1377";2012;50;0,47001;1084177;4;7;2
"1378";2012;51;0,482073;1079789;4;7;2
"1379";2012;52;0,632214;941131;4;8;2
"1380";2012;53;0,397087;1265468;3;6;2
"1381";2012;54;0,367546;516643;3;5;2
"1382";2012;55;0,349294;805580;3;5;2
"1383";2012;56;0,271912;849197;2;4;2
"1384";2012;57;0,179425;598580;2;3;2
"1385";2012;58;0,267531;930406;2;4;2
"1386";2012;59;0,396906;1145053;3;6;2
"1387";2012;60;0,542222;619157;4;8;2
"1388";2012;61;0,177084;451016;2;3;2
"1389";2012;63;0,236141;1268562;2;3;2
"1390";2012;64;0,3025;802795;2;4;2
"1391";2012;65;0,38543;1081652;3;5;2
"1392";2012;66;0,433196;1248759;3;6;2
"1393";2012;67;0,333063;1033467;2;4;2
"1394";2012;68;0,400249;601445;3;6;2
"1395";2012;69;0,435247;508992;3;6;2
"1396";2012;70;0,412409;821650;3;6;2
"1397";2012;71;0,061299;1000158;1;1;1
"1398";2012;72;0,129204;1056260;1;2;1
"1399";2012;73;0,064087;1006392;1;1;1
"1400";2012;74;0,031624;1057532;1;1;1
"1401";2012;75;0,072073;484410;1;2;1
"1402";2012;76;0,182995;1139769;2;3;2
"1403";2012;77;0,058349;478943;1;1;1
"1404";2012;78;0,088358;741488;1;2;1
"1405";2012;79;0,250651;1040371;2;3;2
"1406";2012;80;0,32245;626238;2;4;2
"1407";2012;81;0,321909;814923;2;4;2
"1408";2012;82;0,05917;735553;1;1;1
"1409";2012;83;0,080327;762163;1;2;1
"1410";2012;84;0,010367;684830;1;1;1
"1411";2012;85;0;1114901;1;1;1
"1412";2012;86;0,096455;1164100;1;2;1
"1413";2012;87;0,084707;522875;1;2;1
"1414";2012;88;0,135153;846572;1;2;1
"1415";2012;89;0,014054;763761;1;1;1
"1416";2012;90;0,192758;892793;2;3;2
"1417";2012;91;0,037162;999919;1;1;1
"1418";2012;92;0,09354;516635;1;2;1
"1419";2012;93;0,118767;590817;1;2;1
"1420";2012;94;0,13535;705807;2;3;2
"1421";2012;95;0,2275;497508;2;3;2
"1422";2012;96;0,127613;561663;1;2;1
"1423";2012;97;0,136758;1061355;2;3;2
"1424";2012;98;0,699973;304392;4;8;2
"1425";2012;99;0,818014;945552;5;9;3
"1426";2013;1;0,908197;1249405;5;10;3
"1427";2013;2;0,857792;427271;5;9;3
"1428";2013;3;0,821101;295580;5;9;3
"1429";2013;4;0,925721;1237778;5;10;3
"1430";2013;6;0,906576;1300863;5;10;3
"1431";2013;7;0,828852;580033;5;9;3
"1432";2013;8;0,737049;601903;5;9;3
"1433";2013;9;0,801851;790575;5;9;3
"1434";2013;10;1;414467;5;10;3
"1435";2013;12;0,994855;1377942;5;10;3
"1436";2013;13;0,999683;1173394;5;10;3
"1437";2013;14;0,860834;1264837;5;9;3
"1438";2013;15;0,675694;627638;4;8;2
"1439";2013;16;0,734297;598416;5;9;3
"1440";2013;17;0,935751;587834;5;10;3
"1441";2013;18;0,903304;607324;5;10;3
"1442";2013;19;0,728009;405447;5;9;3
"1443";2013;20;0,376901;123873;3;5;2
"1444";2013;21;0,357413;1602122;3;5;2
"1445";2013;22;0,312966;1103442;2;4;2
"1446";2013;23;0,505223;734709;4;7;2
"1447";2013;24;0,501209;1096639;4;7;2
"1448";2013;25;0,301473;696446;2;4;2
"1449";2013;26;0,546277;1174940;4;7;2
"1450";2013;27;0,437782;868974;3;6;2
"1451";2013;28;0,582721;738882;4;8;2
"1452";2013;29;0,519487;522068;4;7;2
"1453";2013;30;0,569772;912461;4;8;2
"1454";2013;31;0,481786;1019536;4;7;2
"1455";2013;32;0,325054;885607;2;4;2
"1456";2013;33;0,382685;1082569;3;5;2
"1457";2013;34;0,409237;803532;3;6;2
"1458";2013;35;0,355563;912547;2;4;2
"1459";2013;36;0,314639;534835;2;4;2
"1460";2013;37;0,549842;742488;4;8;2
"1461";2013;38;0,516174;1171828;4;7;2
"1462";2013;39;0,867713;783409;5;10;3
"1463";2013;40;0,383766;991992;3;5;2
"1464";2013;41;0,401436;952282;3;6;2
"1465";2013;42;0,46017;878888;4;7;2
"1466";2013;44;0,73787;1267494;5;9;3
"1467";2013;45;0,655087;1559154;4;8;2
"1468";2013;46;0,447303;894580;3;6;2
"1469";2013;47;0,548191;1313713;4;8;2
"1470";2013;48;0,398345;1189935;3;5;2
"1471";2013;49;0,347323;1228129;2;4;2
"1472";2013;50;0,500316;1084177;4;7;2
"1473";2013;51;0,498175;1079789;4;7;2
"1474";2013;52;0,680443;941131;4;8;2
"1475";2013;53;0,425265;1265468;3;6;2
"1476";2013;54;0,372425;516643;3;5;2
"1477";2013;55;0,359972;805580;3;5;2
"1478";2013;56;0,252903;849197;2;3;2
"1479";2013;57;0,204689;598580;2;3;2
"1480";2013;58;0,297307;930406;2;4;2
"1481";2013;59;0,408047;1145053;3;6;2
"1482";2013;60;0,552408;619157;4;8;2
"1483";2013;61;0,188978;451016;2;3;2
"1484";2013;63;0,269506;1268562;2;4;2
"1485";2013;64;0,318806;802795;2;4;2
"1486";2013;65;0,402966;1081652;3;6;2
"1487";2013;66;0,447785;1248759;4;7;2
"1488";2013;67;0,326199;1033467;2;4;2
"1489";2013;68;0,418485;601445;3;6;2
"1490";2013;69;0,435481;508992;3;6;2
"1491";2013;70;0,435336;821650;3;6;2
"1492";2013;71;0,050622;1000158;1;1;1
"1493";2013;72;0,122922;1056260;1;2;1
"1494";2013;73;0,059702;1006392;1;1;1
"1495";2013;74;0,045138;1057532;1;1;1
"1496";2013;75;0,093083;484410;1;2;1
"1497";2013;76;0,197871;1139769;2;3;2
"1498";2013;77;0,05599;478943;1;1;1
"1499";2013;78;0,097293;741488;1;2;1
"1500";2013;79;0,259646;1040371;2;3;2
"1501";2013;80;0,36535;626238;3;5;2
"1502";2013;81;0,364835;814923;3;5;2
"1503";2013;82;0,09542;735553;1;2;1
"1504";2013;83;0,099107;762163;1;2;1
"1505";2013;84;0,008118;684830;1;1;1
"1506";2013;85;0;1114901;1;1;1
"1507";2013;86;0,093165;1164100;1;2;1
"1508";2013;87;0,071534;522875;1;1;1
"1509";2013;88;0,124764;846572;1;2;1
"1510";2013;89;0,02649;763761;1;1;1
"1511";2013;90;0,236293;892793;2;3;2
"1512";2013;91;0,049058;999919;1;1;1
"1513";2013;92;0,102586;516635;1;2;1
"1514";2013;93;0,123682;590817;1;2;1
"1515";2013;94;0,132099;705807;2;3;2
"1516";2013;95;0,240958;497508;2;3;2
"1517";2013;96;0,125714;561663;1;2;1
"1518";2013;97;0,151642;1061355;2;3;2
"1519";2013;98;0,667355;304392;4;8;2
"1520";2013;99;0,789395;945552;5;9;3
"1521";2014;1;0,908848;1249405;5;10;3
"1522";2014;2;0,896033;427271;5;10;3
"1523";2014;3;0,799039;295580;5;9;3
"1524";2014;4;0,931576;1237778;5;10;3
"1525";2014;6;0,899305;1300863;5;10;3
"1526";2014;7;0,821253;580033;5;9;3
"1527";2014;8;0,76787;601903;5;9;3
"1528";2014;9;0,810399;790575;5;9;3
"1529";2014;10;1;414467;5;10;3
"1530";2014;12;0,995139;1377942;5;10;3
"1531";2014;13;0,999697;1173394;5;10;3
"1532";2014;14;0,864223;1264837;5;9;3
"1533";2014;15;0,692717;627638;4;8;2
"1534";2014;16;0,743528;598416;5;9;3
"1535";2014;17;0,953686;587834;5;10;3
"1536";2014;18;0,93999;607324;5;10;3
"1537";2014;19;0,747813;405447;5;9;3
"1538";2014;20;0,413027;123873;3;6;2
"1539";2014;21;0,373133;1602122;3;5;2
"1540";2014;22;0,341674;1103442;2;4;2
"1541";2014;23;0,501009;734709;4;7;2
"1542";2014;24;0,514527;1096639;4;7;2
"1543";2014;25;0,314286;696446;2;4;2
"1544";2014;26;0,551065;1174940;4;8;2
"1545";2014;27;0,455013;868974;4;7;2
"1546";2014;28;0,590096;738882;4;8;2
"1547";2014;29;0,533136;522068;4;7;2
"1548";2014;30;0,586638;912461;4;8;2
"1549";2014;31;0,49535;1019536;4;7;2
"1550";2014;32;0,312941;885607;2;4;2
"1551";2014;33;0,365441;1082569;3;5;2
"1552";2014;34;0,397534;803532;3;6;2
"1553";2014;35;0,345655;912547;2;4;2
"1554";2014;36;0,303912;534835;2;4;2
"1555";2014;37;0,545054;742488;4;8;2
"1556";2014;38;0,521094;1171828;4;7;2
"1557";2014;39;0,8488;783409;5;9;3
"1558";2014;40;0,38246;991992;3;5;2
"1559";2014;41;0,389502;952282;3;6;2
"1560";2014;42;0,426577;878888;3;6;2
"1561";2014;44;0,730034;1267494;5;9;3
"1562";2014;45;0,630661;1559154;4;8;2
"1563";2014;46;0,437412;894580;3;6;2
"1564";2014;47;0,530404;1313713;4;7;2
"1565";2014;48;0,381987;1189935;3;5;2
"1566";2014;49;0,351011;1228129;2;4;2
"1567";2014;50;0,483942;1084177;4;7;2
"1568";2014;51;0,490938;1079789;4;7;2
"1569";2014;52;0,661496;941131;4;8;2
"1570";2014;53;0,422253;1265468;3;6;2
"1571";2014;54;0,369328;516643;3;5;2
"1572";2014;55;0,361555;805580;3;5;2
"1573";2014;56;0,269837;849197;2;4;2
"1574";2014;57;0,200017;598580;2;3;2
"1575";2014;58;0,269751;930406;2;3;2
"1576";2014;59;0,387489;1145053;3;5;2
"1577";2014;60;0,575168;619157;4;8;2
"1578";2014;61;0,205149;451016;2;3;2
"1579";2014;63;0,258227;1268562;2;3;2
"1580";2014;64;0,307781;802795;2;4;2
"1581";2014;65;0,405864;1081652;3;6;2
"1582";2014;66;0,459531;1248759;4;7;2
"1583";2014;67;0,328542;1033467;2;4;2
"1584";2014;68;0,418753;601445;3;6;2
"1585";2014;69;0,448153;508992;3;6;2
"1586";2014;70;0,450313;821650;3;6;2
"1587";2014;71;0,068553;1000158;1;1;1
"1588";2014;72;0,143863;1056260;1;2;1
"1589";2014;73;0,072872;1006392;1;1;1
"1590";2014;74;0,057893;1057532;1;1;1
"1591";2014;75;0,110808;484410;1;2;1
"1592";2014;76;0,199947;1139769;2;3;2
"1593";2014;77;0,065163;478943;1;1;1
"1594";2014;78;0,110488;741488;1;2;1
"1595";2014;79;0,271359;1040371;2;4;2
"1596";2014;80;0,363915;626238;3;5;2
"1597";2014;81;0,363341;814923;3;5;2
"1598";2014;82;0,093323;735553;1;2;1
"1599";2014;83;0,112128;762163;1;2;1
"1600";2014;84;0;684830;1;1;1
"1601";2014;85;0,009875;1114901;1;1;1
"1602";2014;86;0,113114;1164100;1;2;1
"1603";2014;87;0,078904;522875;1;1;1
"1604";2014;88;0,153224;846572;2;3;2
"1605";2014;89;0,043262;763761;1;1;1
"1606";2014;90;0,222674;892793;2;3;2
"1607";2014;91;0,057316;999919;1;1;1
"1608";2014;92;0,109178;516635;1;2;1
"1609";2014;93;0,126303;590817;1;2;1
"1610";2014;94;0,137846;705807;1;2;1
"1611";2014;95;0,249391;497508;2;3;2
"1612";2014;96;0,136968;561663;1;2;1
"1613";2014;97;0,150178;1061355;2;3;2
"1614";2014;98;0,669887;304392;4;8;2
"1615";2014;99;0,789983;945552;5;9;3
"1616";2015;1;0,925143;1249405;5;10;3
"1617";2015;2;0,879018;427271;5;10;3
"1618";2015;3;0,784225;295580;5;9;3
"1619";2015;4;0,944449;1237778;5;10;3
"1620";2015;6;0,875631;1300863;5;10;3
"1621";2015;7;0,813711;580033;5;9;3
"1622";2015;8;0,743173;601903;5;9;3
"1623";2015;9;0,817552;790575;5;9;3
"1624";2015;10;1;414467;5;10;3
"1625";2015;12;0,995012;1377942;5;10;3
"1626";2015;13;0,999661;1173394;5;10;3
"1627";2015;14;0,855497;1264837;5;9;3
"1628";2015;15;0,66491;627638;4;8;2
"1629";2015;16;0,714547;598416;5;9;3
"1630";2015;17;0,942229;587834;5;10;3
"1631";2015;18;0,904887;607324;5;10;3
"1632";2015;19;0,734348;405447;5;9;3
"1633";2015;20;0,418523;123873;3;6;2
"1634";2015;21;0,364762;1602122;3;5;2
"1635";2015;22;0,3433;1103442;2;4;2
"1636";2015;23;0,49478;734709;4;7;2
"1637";2015;24;0,502706;1096639;4;7;2
"1638";2015;25;0,300199;696446;2;4;2
"1639";2015;26;0,532945;1174940;4;7;2
"1640";2015;27;0,456462;868974;4;7;2
"1641";2015;28;0,603588;738882;4;8;2
"1642";2015;29;0,528289;522068;4;7;2
"1643";2015;30;0,594252;912461;4;8;2
"1644";2015;31;0,48799;1019536;4;7;2
"1645";2015;32;0,315858;885607;2;4;2
"1646";2015;33;0,357082;1082569;3;5;2
"1647";2015;34;0,39532;803532;3;5;2
"1648";2015;35;0,34507;912547;3;5;2
"1649";2015;36;0,287916;534835;2;4;2
"1650";2015;37;0,544898;742488;4;8;2
"1651";2015;38;0,510933;1171828;4;7;2
"1652";2015;39;0,839032;783409;5;9;3
"1653";2015;40;0,415353;991992;3;6;2
"1654";2015;41;0,407169;952282;3;6;2
"1655";2015;42;0,451395;878888;3;6;2
"1656";2015;44;0,745091;1267494;5;9;3
"1657";2015;45;0,655022;1559154;4;8;2
"1658";2015;46;0,438064;894580;3;6;2
"1659";2015;47;0,561773;1313713;4;8;2
"1660";2015;48;0,374829;1189935;3;5;2
"1661";2015;49;0,333777;1228129;2;4;2
"1662";2015;50;0,529555;1084177;4;7;2
"1663";2015;51;0,509219;1079789;4;7;2
"1664";2015;52;0,662766;941131;4;8;2
"1665";2015;53;0,438629;1265468;3;6;2
"1666";2015;54;0,351881;516643;3;5;2
"1667";2015;55;0,342806;805580;2;4;2
"1668";2015;56;0,25778;849197;2;3;2
"1669";2015;57;0,187652;598580;2;3;2
"1670";2015;58;0,278595;930406;2;4;2
"1671";2015;59;0,395067;1145053;3;5;2
"1672";2015;60;0,601858;619157;4;8;2
"1673";2015;61;0,195761;451016;2;3;2
"1674";2015;63;0,2507;1268562;2;3;2
"1675";2015;64;0,314014;802795;2;4;2
"1676";2015;65;0,409558;1081652;3;6;2
"1677";2015;66;0,471402;1248759;4;7;2
"1678";2015;67;0,324918;1033467;2;4;2
"1679";2015;68;0,44249;601445;3;6;2
"1680";2015;69;0,452515;508992;3;6;2
"1681";2015;70;0,453262;821650;3;6;2
"1682";2015;71;0,057957;1000158;1;1;1
"1683";2015;72;0,151055;1056260;2;3;2
"1684";2015;73;0,08179;1006392;1;1;1
"1685";2015;74;0,039418;1057532;1;1;1
"1686";2015;75;0,125068;484410;1;2;1
"1687";2015;76;0,202547;1139769;2;3;2
"1688";2015;77;0,076564;478943;1;1;1
"1689";2015;78;0,113288;741488;1;2;1
"1690";2015;79;0,26397;1040371;2;4;2
"1691";2015;80;0,397182;626238;3;5;2
"1692";2015;81;0,39655;814923;3;5;2
"1693";2015;82;0,083053;735553;1;2;1
"1694";2015;83;0,113392;762163;1;2;1
"1695";2015;84;0;684830;1;1;1
"1696";2015;85;0,001503;1114901;1;1;1
"1697";2015;86;0,102199;1164100;1;2;1
"1698";2015;87;0,071801;522875;1;1;1
"1699";2015;88;0,107935;846572;1;2;1
"1700";2015;89;0,014859;763761;1;1;1
"1701";2015;90;0,231264;892793;2;3;2
"1702";2015;91;0,043822;999919;1;1;1
"1703";2015;92;0,092651;516635;1;2;1
"1704";2015;93;0,099379;590817;1;2;1
"1705";2015;94;0,125265;705807;1;2;1
"1706";2015;95;0,225517;497508;2;3;2
"1707";2015;96;0,108997;561663;1;2;1
"1708";2015;97;0,13917;1061355;2;3;2
"1709";2015;98;0,657646;304392;4;8;2
"1710";2015;99;0,778062;945552;5;9;3
